"STATION","DATE","LATITUDE","LONGITUDE","ELEVATION","NAME","CDSD","CDSD_ATTRIBUTES","CLDD","CLDD_ATTRIBUTES","DP01","DP01_ATTRIBUTES","DP10","DP10_ATTRIBUTES","DP1X","DP1X_ATTRIBUTES","DSND","DSND_ATTRIBUTES","DSNW","DSNW_ATTRIBUTES","DT00","DT00_ATTRIBUTES","DT32","DT32_ATTRIBUTES","DX32","DX32_ATTRIBUTES","DX70","DX70_ATTRIBUTES","DX90","DX90_ATTRIBUTES","DYFG","DYFG_ATTRIBUTES","DYTS","DYTS_ATTRIBUTES","EMNT","EMNT_ATTRIBUTES","EMSD","EMSD_ATTRIBUTES","EMSN","EMSN_ATTRIBUTES","EMXP","EMXP_ATTRIBUTES","EMXT","EMXT_ATTRIBUTES","FZF0","FZF0_ATTRIBUTES","FZF1","FZF1_ATTRIBUTES","FZF2","FZF2_ATTRIBUTES","FZF3","FZF3_ATTRIBUTES","FZF4","FZF4_ATTRIBUTES","FZF5","FZF5_ATTRIBUTES","FZF6","FZF6_ATTRIBUTES","FZF7","FZF7_ATTRIBUTES","FZF8","FZF8_ATTRIBUTES","FZF9","FZF9_ATTRIBUTES","HDSD","HDSD_ATTRIBUTES","HN01","HN01_ATTRIBUTES","HN02","HN02_ATTRIBUTES","HN03","HN03_ATTRIBUTES","HTDD","HTDD_ATTRIBUTES","HX01","HX01_ATTRIBUTES","HX02","HX02_ATTRIBUTES","HX03","HX03_ATTRIBUTES","LN01","LN01_ATTRIBUTES","LN02","LN02_ATTRIBUTES","LN03","LN03_ATTRIBUTES","LX01","LX01_ATTRIBUTES","LX02","LX02_ATTRIBUTES","LX03","LX03_ATTRIBUTES","MN01","MN01_ATTRIBUTES","MN02","MN02_ATTRIBUTES","MN03","MN03_ATTRIBUTES","MX01","MX01_ATTRIBUTES","MX02","MX02_ATTRIBUTES","MX03","MX03_ATTRIBUTES","PRCP","PRCP_ATTRIBUTES","SNOW","SNOW_ATTRIBUTES","TAVG","TAVG_ATTRIBUTES","TMAX","TMAX_ATTRIBUTES","TMIN","TMIN_ATTRIBUTES"
"USC00339312","1900","40.78126","-81.91986","310.9","WOOSTER EXPERIMENTAL STATION, OH US","    484.6","","     484.6","0","       132","0","        81","0","         6","0","","","        10","0","         8","0","       139","0","        36","0","       154","0","        18","0","","","        10"," ","  -23.3","0,0227, ","","","    76"," ,0,1228, ","  37.8"," ,0,0614, ","   35.0","0,0704, ","-1.1","0,1018","-2.2","0,1104","-7.2","0,1114","-7.2","0,1114","-14.4","0,1116","-2.2","0,0510","-2.2","0,0510","-4.4","0,0411","-6.7","0,0410","-20.0","0,0317","","","","","","","","","","","","","","","","","","","","","","","","","","","","","","","","","","","","","","","","","    932.5"," ,0","      534"," ,0","     10.41","0","     16.21","0","      4.62","0"
"USC00339312","1901","40.78126","-81.91986","310.9","WOOSTER EXPERIMENTAL STATION, OH US","    439.5","","     439.5","0","       142","0","        75","0","         7","0","       57","","        10","0","         8","0","       144","0","        44","0","       138","0","        19","0","         1"," ","        14"," ","  -23.9","0,1221, ","   203"," ,0,0420, ","   218"," ,0,0420, ","  42.4"," ,0,0928, ","   35.0","0,0729,+","-1.1","0,1004","-3.3","0,1005","-4.4","0,1105","-7.8","0,1106","-9.4","0,1128","-1.1","0,0421","-2.2","0,0416","-5.6","0,0401","-11.1","0,0307","-11.1","0,0307","    3328.6","6","","","","","","","    3328.6","0","","","","","","","","","","","","","","","","","","","","","","","","","","","","","","","    911.6"," ,0","      825"," ,0","      9.37","0","     14.99","0","      3.75","0"
"USC00339312","1902","40.78126","-81.91986","310.9","WOOSTER EXPERIMENTAL STATION, OH US","    310.1","","     310.1","0","       135","0","        78","0","         3","0","       49","","        13","0","         6","0","       134","0","        43","0","       145","0","        10","0","","","         3"," ","  -22.8","0,0205, ","   203"," ,0,1228,+","   102"," ,0,0202,+","  36.8"," ,0,0718, ","   36.1","0,0504, ","0.0","0,0914","-2.8","0,1031","-4.4","0,1128","-6.7","0,1201","-9.4","0,1208","0.0","0,0515","-3.9","0,0417","-4.4","0,0405","-6.7","0,0320","-9.4","0,0319","    3524.9","9","","","","","","","    3524.9","0","","","","","","","","","","","","","","","","","","","","","","","","","","","","","","","    786.5"," ,0","      727"," ,0","      9.64","0","     15.58","0","      3.70","0"
"USC00339312","1903","40.78126","-81.91986","310.9","WOOSTER EXPERIMENTAL STATION, OH US","    317.2","","     317.2","0","","","","","","","       66","","        16","0","        12","0","       134","0","        45","0","       149","0","         6","0","         1"," ","         2"," ","  -22.8","0,0219, ","   203"," ,0,0222,+","   127"," ,0,0216,+","","","   34.4","0,0709,+","0.0","0,0925","-3.3","0,1025","-5.0","0,1107","-10.0","0,1118","-10.0","0,1118","-2.8","0,0502","-2.8","0,0502","-7.2","0,0405","-7.2","0,0405","-11.1","0,0226","    3090.1","1","","","","","","","    3090.1","0","","","","","","","","","","","","","","","","","","","","","","","","","","","","","","","","","     1049"," ,0","      9.57","0","     15.67","0","      3.46","0"
"USC00339312","1904","40.78126","-81.91986","310.9","WOOSTER EXPERIMENTAL STATION, OH US","    240.5","","     240.5","0","","","","","","","       55","","        13","0","        16","0","       156","0","        57","0","       143","0","         4","0","         1"," ","         6"," ","  -29.4","0,0105, ","   229"," ,0,0115,+","    89"," ,0,0126,+","","","   33.3","0,0717, ","-0.6","0,0922","-2.8","0,1016","-7.2","0,1031","-7.2","0,1031","-9.4","0,1128","-1.7","0,0422","-6.1","0,0421","-6.1","0,0421","-11.1","0,0414","-11.1","0,0414","    3898.1","1","","","","","","","    3898.1","0","","","","","","","","","","","","","","","","","","","","","","","","","","","","","","","","","      767"," ,0","      8.36","0","     14.43","0","      2.29","0"
"USC00339312","1905","40.78126","-81.91986","310.9","WOOSTER EXPERIMENTAL STATION, OH US","    318.7","","     318.7","0","","","","","","","       47","","        12","0","        14","0","       143","0","        38","0","       157","0","         4","0","","","         1"," ","  -24.4","0,0214, ","   152"," ,0,0110, ","    51"," ,0,0416,+","","","   33.3","0,0717, ","0.0","0,1013","-2.2","0,1023","-5.0","0,1030","-8.3","0,1102","-8.9","0,1114","-0.6","0,0521","-2.2","0,0423","-5.0","0,0416","-12.2","0,0315","-12.2","0,0315","    3609.9","9","","","","","","","    3609.9","0","","","","","","","","","","","","","","","","","","","","","","","","","","","","","","","","","      552"," ,0","      9.37","0","     15.16","0","      3.57","0"
"USC00339312","1906","40.78126","-81.91986","310.9","WOOSTER EXPERIMENTAL STATION, OH US","    433.2","","     433.2","0","       134","0","        88","0","         6","0","       52","","        16","0","         7","0","       130","0","        35","0","       161","0","         7","0","         1"," ","         4"," ","  -25.6","0,0207, ","   254"," ,0,0320, ","   152"," ,0,0319, ","  50.8"," ,0,0903, ","   33.3","0,0629, ","-0.6","0,1010","-3.9","0,1011","-5.6","0,1012","-7.2","0,1202","-9.4","0,1204","-1.7","0,0510","-2.2","0,0424","-6.1","0,0401","-12.2","0,0324","-12.2","0,0324","    3311.3","3","","","","","","","    3311.3","0","","","","","","","","","","","","","","","","","","","","","","","","","","","","","","","    974.9"," ,0","     1040"," ,0","     10.40","0","     16.14","0","      4.65","0"
"USC00339312","1907","40.78126","-81.91986","310.9","WOOSTER EXPERIMENTAL STATION, OH US","    267.7","","     267.7","0","       126","0","        83","0","         6","0","       51","","        12","0","         8","0","       148","0","        28","0","       128","0","         2","0","         3"," ","         6"," ","  -25.6","0,0127, ","   178"," ,0,0131, ","   102"," ,0,0224, ","  43.9"," ,0,0104, ","   32.2","0,0812,+","0.0","0,1001","-2.2","0,1009","-4.4","0,1019","-6.7","0,1112","-11.7","0,1202","0.0","0,0528","-2.8","0,0427","-5.6","0,0421","-9.4","0,0402","-9.4","0,0402","    3431.6","6","","","","","","","    3431.6","0","","","","","","","","","","","","","","","","","","","","","","","","","","","","","","","    903.1"," ,0","      734"," ,0","      9.10","0","     14.90","0","      3.30","0"
"USC00339312","1908","40.78126","-81.91986","310.9","WOOSTER EXPERIMENTAL STATION, OH US","    401.7","","     401.7","0","","","","","","","       43","","        11","0","         1","0","       134","0","        24","0","       160","0","        23","0","","","         3"," ","  -19.4","0,0209, ","   178"," ,0,1204, ","   178"," ,0,1204, ","","","   35.0","0,0925,+","-2.2","0,0930","-2.2","0,0930","-4.4","0,1013","-7.8","0,1105","-10.6","0,1202","-1.1","0,0503","-2.8","0,0417","-4.4","0,0403","-10.0","0,0228","-10.0","0,0228","    3365.4","4","","","","","","","    3365.4","0","","","","","","","","","","","","","","","","","","","","","","","","","","","","","","","","","      921"," ,0","     10.56","0","     16.95","0","      4.16","0"
"USC00339312","1909","40.78126","-81.91986","310.9","WOOSTER EXPERIMENTAL STATION, OH US","    322.4","","     322.4","0","       129","0","        87","0","         8","0","       40","","        19","0","         3","0","       134","0","        40","0","       147","0","         1","0","","","        12"," ","  -23.9","0,0113, ","   203"," ,0,0113, ","   127"," ,0,1225,+","  53.1"," ,0,0815, ","   32.2","0,0914, ","-1.1","0,0928","-3.9","0,1019","-5.6","0,1029","-13.3","0,1208","-13.3","0,1208","-0.6","0,0512","-2.8","0,0424","-8.3","0,0411","-8.3","0,0411","-10.6","0,0410","    3197.1","1","","","","","","","    3197.1","0","","","","","","","","","","","","","","","","","","","","","","","","","","","","","","","    967.6"," ,0","     1188"," ,0","     10.03","0","     15.99","0","      4.07","0"
"USC00339312","1910","40.78126","-81.91986","310.9","WOOSTER EXPERIMENTAL STATION, OH US","    357.5","","     357.5","0","       124","0","        65","0","         5","0","       84","","        20","0","        10","0","       150","0","        43","0","       157","0","        18","0","","","         2"," ","  -24.4","0,0219, ","   457"," ,0,0219,+","   330"," ,0,0217, ","  59.7"," ,0,1006, ","   34.4","0,0816,+","-1.1","0,1024","-4.4","0,1029","-4.4","0,1029","-6.7","0,1107","-10.0","0,1120","-2.2","0,0515","-2.2","0,0515","-4.4","0,0414","-7.8","0,0315","-9.4","0,0226","    3463.8","8","","","","","","","    3463.8","0","","","","","","","","","","","","","","","","","","","","","","","","","","","","","","","    799.9"," ,0","     1991"," ,0","      9.49","0","     15.92","0","      3.05","0"
"USC00339312","1911","40.78126","-81.91986","310.9","WOOSTER EXPERIMENTAL STATION, OH US","    419.4","","     419.4","0","       126","0","        80","0","         5","0","       33","","        13","0","         1","0","       148","0","        21","0","       150","0","        26","0","","","         3"," ","  -23.9","0,0104, ","   203"," ,0,1204,+","   203"," ,0,1203, "," 104.6"," ,0,0915, ","   38.3","0,0704, ","0.0","0,1024","-5.6","0,1029","-5.6","0,1029","-7.8","0,1112","-12.2","0,1113","-1.7","0,0506","-2.2","0,0505","-5.0","0,0410","-8.9","0,0402","-8.9","0,0402","    3407.5","5","","","","","","","    3407.5","0","","","","","","","","","","","","","","","","","","","","","","","","","","","","","","","    965.8"," ,0","     1251"," ,0","     10.43","0","     16.45","0","      4.41","0"
"USC00339312","1912","40.78126","-81.91986","310.9","WOOSTER EXPERIMENTAL STATION, OH US","    308.4","","     308.4","0","","","","","","","       53","","        16","0","        19","0","       148","0","        49","0","       148","0","         6","0","","","        13"," ","  -31.1","0,0113, ","   152"," ,0,0324, ","   152"," ,0,0324,+","","","   33.9","0,0910, ","-1.1","0,0930","-3.3","0,1016","-4.4","0,1103","-7.8","0,1116","-12.8","0,1209","-0.6","0,0608","-5.0","0,0419","-5.0","0,0419","-9.4","0,0326","-9.4","0,0326","    3814.6","6","","","","","","","    3814.6","0","","","","","","","","","","","","","","","","","","","","","","","","","","","","","","","","","      940"," ,0","      8.77","0","     14.75","0","      2.79","0"
"USC00339312","1913","40.78126","-81.91986","310.9","WOOSTER EXPERIMENTAL STATION, OH US","    400.5","","     400.5","0","       111","0","        71","0","         7","0","       48","","        13","0","         1","0","       126","0","        30","0","       147","0","        28","0","","","         6"," ","  -18.9","0,0206, ","   457"," ,0,1110, ","   254"," ,0,1109, "," 122.9"," ,0,0325, ","   35.6","0,0817,+","-2.2","0,0923","-2.2","0,0923","-4.4","0,1022","-6.7","0,1110","-11.1","0,1112","0.0","0,0610","-3.3","0,0512","-6.7","0,0421","-6.7","0,0421","-8.9","0,0317","    3305.2","2","","","","","","","    3305.2","0","","","","","","","","","","","","","","","","","","","","","","","","","","","","","","","   1001.6"," ,0","     1470"," ,0","     10.30","0","     16.49","0","      4.12","0"
"USC00339312","1914","40.78126","-81.91986","310.9","WOOSTER EXPERIMENTAL STATION, OH US","    396.6","","     396.6","0","        96","0","        64","0","         2","0","       72","","        14","0","        12","0","       134","0","        47","0","       155","0","        26","0","","","         6"," ","  -27.8","0,0225, ","   279"," ,0,0224,+","   178"," ,0,1208, ","  28.4"," ,0,0407, ","   35.0","0,0722,+","0.0","0,1026","-3.3","0,1027","-8.3","0,1117","-8.3","0,1117","-10.6","0,1118","-1.1","0,0516","-2.2","0,0414","-4.4","0,0410","-7.2","0,0409","-11.1","0,0321","    3431.1","1","","","","","","","    3431.1","0","","","","","","","","","","","","","","","","","","","","","","","","","","","","","","","    629.6"," ,0","     1098"," ,0","      9.53","0","     15.68","0","      3.39","0"
"USC00339312","1915","40.78126","-81.91986","310.9","WOOSTER EXPERIMENTAL STATION, OH US","    249.4","","     249.4","0","       132","0","        84","0","        10","0","       50","","        10","0","         5","0","       149","0","        32","0","       144","0","         2","0","","","         7"," ","  -25.0","0,0130,+","   254"," ,0,0130,+","   152"," ,0,1228, ","  61.0"," ,0,0615, ","   32.8","0,0716, ","-0.6","0,1007","-5.0","0,1010","-5.0","0,1010","-7.2","0,1116","-9.4","0,1203","-2.2","0,0527","-2.2","0,0527","-5.0","0,0414","-11.7","0,0330","-11.7","0,0330","    3461.1","1","","","","","","","    3461.1","0","","","","","","","","","","","","","","","","","","","","","","","","","","","","","","","   1068.8"," ,0","      820"," ,0","      9.41","0","     15.20","0","      3.61","0"
"USC00339312","1916","40.78126","-81.91986","310.9","WOOSTER EXPERIMENTAL STATION, OH US","    389.1","","     389.1","0","       142","0","        91","0","         3","0","","","","","         9","0","       147","0","        48","0","       144","0","        19","0","","","         6"," ","  -21.7","0,0208, ","","","","","  38.1"," ,0,0322, ","   37.2","0,0822, ","-1.1","0,0919","-3.3","0,1011","-8.9","0,1115","-8.9","0,1115","-8.9","0,1115","-0.6","0,0426","-3.3","0,0410","-6.1","0,0407","-10.0","0,0323","-10.0","0,0323","    3474.4","4","","","","","","","    3474.4","0","","","","","","","","","","","","","","","","","","","","","","","","","","","","","","","    887.4"," ,0","","","      9.42","0","     15.93","0","      2.91","0"
"USC00339312","1917","40.78126","-81.91986","310.9","WOOSTER EXPERIMENTAL STATION, OH US","    297.1","","     297.1","0","       137","0","        80","0","         1","0","","","","","        19","0","       167","0","        53","0","       129","0","        13","0","         1"," ","        12"," ","  -28.3","0,1230, ","","","","","  31.5"," ,0,0606, ","   35.6","0,0805,+","-1.7","0,1002","-2.2","0,1009","-4.4","0,1014","-6.7","0,1102","-12.8","0,1125","0.0","0,0511","-5.0","0,0416","-5.0","0,0416","-6.7","0,0414","-11.1","0,0319","    3746.0","0","","","","","","","    3746.0","0","","","","","","","","","","","","","","","","","","","","","","","","","","","","","","","    809.2"," ,0","","","      7.86","0","     13.93","0","      1.79","0"
"USC00339312","1918","40.78126","-81.91986","310.9","WOOSTER EXPERIMENTAL STATION, OH US","    406.8","","     406.8","0","       130","0","        91","0","         1","0","","","","","        12","0","       128","0","        36","0","       157","0","        20","0","","","         3"," ","  -28.3","0,0120, ","","","","","  27.9"," ,0,1006, ","   40.6","0,0806, ","-2.8","0,1001","-2.8","0,1001","-6.1","0,1112","-6.7","0,1124","","","-0.6","0,0502","-2.8","0,0425","-5.6","0,0405","-7.2","0,0327","-10.6","0,0222","    3826.6","6","","","","","","","    3826.6","0","","","","","","","","","","","","","","","","","","","","","","","","","","","","","","","    857.9"," ,0","","","     10.28","0","     16.61","0","      3.94","0"
"USC00339312","1919","40.78126","-81.91986","310.9","WOOSTER EXPERIMENTAL STATION, OH US","    459.6","","     459.6","0","       129","0","        89","0","         6","0","","","","","         2","0","       136","0","        27","0","       150","0","        25","0","         1"," ","         3"," ","  -20.0","0,1220, ","","","","","  75.2"," ,0,0805, ","   35.0","0,0714,+","-0.6","0,1013","-6.1","0,1113","-6.1","0,1113","-6.7","0,1114","-11.1","0,1203","-2.8","0,0427","-2.8","0,0427","-9.4","0,0402","-9.4","0,0402","-9.4","0,0402","    3068.9","9","","","","","","","    3068.9","0","","","","","","","","","","","","","","","","","","","","","","","","","","","","","","","   1094.6"," ,0","","","     10.64","0","     16.66","0","      4.62","0"
"USC00339312","1920","40.78126","-81.91986","310.9","WOOSTER EXPERIMENTAL STATION, OH US","    294.8","","     294.8","0","       135","0","        90","0","         7","0","","","","","         6","0","       135","0","        40","0","       158","0","         7","0","         1"," ","         4"," ","  -20.6","0,0105, ","","","","","  64.3"," ,0,0617, ","   33.9","0,0610, ","-1.7","0,1007","-6.7","0,1112","-6.7","0,1112","-6.7","0,1112","-9.4","0,1113","-1.1","0,0516","-2.2","0,0425","-4.4","0,0413","-6.7","0,0409","-10.0","0,0314","    3644.4","4","","","","","","","    3644.4","0","","","","","","","","","","","","","","","","","","","","","","","","","","","","","","","    997.4"," ,0","","","      9.53","0","     15.39","0","      3.67","0"
"USC00339312","1921","40.78126","-81.91986","310.9","WOOSTER EXPERIMENTAL STATION, OH US","    514.2","","     514.2","0","       149","0","        97","0","         7","0","","","","","         0","0","       117","0","        18","0","       168","0","        19","0","         1"," ","         4"," ","  -12.8","0,1222, ","","","","","  68.6"," ,0,0904, ","   35.6","0,0708,+","-1.7","0,1013","-2.2","0,1014","-4.4","0,1103","-7.2","0,1113","-12.8","0,1222","-0.6","0,0517","-2.8","0,0412","-6.1","0,0411","-6.7","0,0329","-9.4","0,0225","    2784.2","2","","","","","","","    2784.2","0","","","","","","","","","","","","","","","","","","","","","","","","","","","","","","","   1064.6"," ,0","","","     11.82","0","     17.72","0","      5.92","0"
"USC00339312","1922","40.78126","-81.91986","310.9","WOOSTER EXPERIMENTAL STATION, OH US","    368.0","","     368.0","0","       123","0","        77","0","         6","0","","","","","         6","0","       128","0","        31","0","       169","0","        14","0","         3"," ","         7"," ","  -23.9","0,0125, ","","","","","  71.9"," ,0,0703, ","   35.6","0,0818, ","0.0","0,0926","-2.2","0,1013","-5.0","0,1019","-6.7","0,1110","-9.4","0,1129","-3.3","0,0429","-3.3","0,0429","-5.6","0,0422","-7.2","0,0323","-11.1","0,0303","    3130.2","2","","","","","","","    3130.2","0","","","","","","","","","","","","","","","","","","","","","","","","","","","","","","","    874.8"," ,0","","","     10.77","0","     17.20","0","      4.33","0"
"USC00339312","1923","40.78126","-81.91986","310.9","WOOSTER EXPERIMENTAL STATION, OH US","    378.7","","     378.7","0","       128","0","        83","0","         5","0","","","","","         1","0","       142","0","        21","0","       144","0","        25","0","         2"," ","         7"," ","  -18.3","0,0218, ","","","","","  63.0"," ,0,0512, ","   36.1","0,0710, ","-0.6","0,0914","-3.3","0,1007","-5.0","0,1102","-6.7","0,1214","","","-1.7","0,0510","-2.2","0,0419","-5.0","0,0409","-13.9","0,0401","-13.9","0,0401","    3306.3","3","","","","","","","    3306.3","0","","","","","","","","","","","","","","","","","","","","","","","","","","","","","","","    921.9"," ,0","","","     10.06","0","     16.46","0","      3.67","0"
"USC00339312","1924","40.78126","-81.91986","310.9","WOOSTER EXPERIMENTAL STATION, OH US","    289.2","","     289.2","0","       143","0","        87","0","         5","0","","","","","        10","0","       145","0","        44","0","       135","0","        15","0","         1"," ","         4"," ","  -23.9","0,1228, ","","","","","  40.9"," ,0,0722, ","   35.0","0,0831,+","-1.1","0,1021","-6.1","0,1023","-6.1","0,1023","-8.3","0,1117","-10.0","0,1118","0.0","0,0522","-2.2","0,0421","-5.0","0,0403","-6.7","0,0319","-8.9","0,0315","    3493.6","6","","","","","","","    3493.6","0","","","","","","","","","","","","","","","","","","","","","","","","","","","","","","","    988.1"," ,0","","","      8.93","0","     15.03","0","      2.82","0"
"USC00339312","1925","40.78126","-81.91986","310.9","WOOSTER EXPERIMENTAL STATION, OH US","    417.7","","     417.7","0","       122","0","        71","0","         2","0","","","","","         5","0","       153","0","        32","0","       151","0","        24","0","","","         5"," ","  -22.8","0,1230, ","","","","","  67.3"," ,0,0710, ","   36.1","0,0605, ","-2.2","0,1010","-2.2","0,1010","-6.1","0,1021","-7.8","0,1029","-10.0","0,1210","-0.6","0,0527","-3.3","0,0407","-4.4","0,0406","-7.8","0,0315","-17.2","0,0303","    3378.4","4","","","","","","","    3378.4","0","","","","","","","","","","","","","","","","","","","","","","","","","","","","","","","    775.3"," ,0","","","      9.89","0","     16.16","0","      3.62","0"
"USC00339312","1926","40.78126","-81.91986","310.9","WOOSTER EXPERIMENTAL STATION, OH US","    376.4","","     376.4","0","       146","0","        94","0","         4","0","","","","","         6","0","       154","0","        42","0","       142","0","        11","0","","","         5"," ","  -23.9","0,0129, ","","","","","  51.8"," ,0,0905, ","   37.2","0,0721, ","0.0","0,1008","-2.2","0,1026","-5.0","0,1027","-9.4","0,1112","-9.4","0,1112","-0.6","0,0504","-4.4","0,0427","-4.4","0,0427","-7.8","0,0403","-11.7","0,0317","    3840.0","0","","","","","","","    3840.0","0","","","","","","","","","","","","","","","","","","","","","","","","","","","","","","","    975.3"," ,0","","","      9.15","0","     14.99","0","      3.31","0"
"USC00339312","1927","40.78126","-81.91986","310.9","WOOSTER EXPERIMENTAL STATION, OH US","    302.8","","     302.8","0","       145","0","        90","0","        10","0","","","","","         2","0","       118","0","        28","0","       153","0","        12","0","","","         3"," ","  -20.0","0,0116, ","","","","","  58.4"," ,0,1130, ","   33.9","0,0713,+","-0.6","0,1009","-2.8","0,1015","-5.0","0,1106","-6.7","0,1113","-8.9","0,1204","-1.1","0,0501","-4.4","0,0424","-4.4","0,0424","-6.7","0,0329","-10.0","0,0304","    3362.7","7","","","","","","","    3362.7","0","","","","","","","","","","","","","","","","","","","","","","","","","","","","","","","   1099.6"," ,0","","","     10.41","0","     16.53","0","      4.30","0"
"USC00339312","1928","40.78126","-81.91986","310.9","WOOSTER EXPERIMENTAL STATION, OH US","    371.6","","     371.6","0","       125","0","        80","0","         6","0","","","","","         4","0","       141","0","        26","0","       147","0","        10","0","","","","","  -20.6","0,0103, ","","","","","  33.8"," ,0,0705, ","   33.9","0,0809,+","0.0","0,0924","-2.2","0,1027","-6.1","0,1028","-7.2","0,1030","-10.6","0,1126","-1.1","0,0513","-5.6","0,0418","-5.6","0,0418","-7.2","0,0416","-12.2","0,0306","    3368.1","1","","","","","","","    3368.1","0","","","","","","","","","","","","","","","","","","","","","","","","","","","","","","","    811.6"," ,0","","","     10.03","0","     16.11","0","      3.94","0"
"USC00339312","1929","40.78126","-81.91986","310.9","WOOSTER EXPERIMENTAL STATION, OH US","    334.8","","     334.8","0","       152","0","        98","0","         6","0","","","","","         7","0","       130","0","        38","0","       150","0","         9","0","        10"," ","         1"," ","  -24.4","0,0116, ","","","","","  80.5"," ,0,0705, ","   33.3","0,0903,+","-0.6","0,1005","-3.3","0,1015","-7.2","0,1109","-7.2","0,1109","-11.1","0,1123","-0.6","0,0520","-2.2","0,0517","-4.4","0,0329","-12.2","0,0310","-12.2","0,0310","    3301.8","8","","","","","","","    3301.8","0","","","","","","","","","","","","","","","","","","","","","","","","","","","","","","","   1126.8"," ,0","","","      9.66","0","     15.88","0","      3.44","0"
"USC00339312","1930","40.78126","-81.91986","310.9","WOOSTER EXPERIMENTAL STATION, OH US","    464.8","","     464.8","0","       122","0","        76","0","         4","0","","","","","         6","0","       135","0","        32","0","       165","0","        35","0","         3"," ","         4"," ","  -23.3","0,0126,+","","","","","  30.0"," ,0,0108, ","   40.0","0,0720, ","0.0","0,0930","-2.2","0,1002","-6.1","0,1020","-8.9","0,1022","-8.9","0,1022","0.0","0,0531","-2.8","0,0426","-5.0","0,0423","-9.4","0,0323","-9.4","0,0323","    3310.5","5","","","","","","","    3310.5","0","","","","","","","","","","","","","","","","","","","","","","","","","","","","","","","    731.0"," ,0","","","     10.68","0","     17.43","0","      3.93","0"
"USC00339312","1931","40.78126","-81.91986","310.9","WOOSTER EXPERIMENTAL STATION, OH US","    509.8","","     509.8","0","       135","0","        80","0","         7","0","","","","","         0","0","       135","0","        12","0","       161","0","        32","0","         2"," ","         5"," ","  -15.6","0,0115, ","","","","","  45.5"," ,0,0422, ","   36.1","0,0702,+","0.0","0,1010","-2.2","0,1018","-5.0","0,1107","-10.0","0,1208","-10.0","0,1208","-0.6","0,0524","-2.2","0,0501","-5.0","0,0313","-10.0","0,0311","-10.0","0,0311","    3356.3","3","","","","","","","    3356.3","0","","","","","","","","","","","","","","","","","","","","","","","","","","","","","","","    906.4"," ,0","","","     11.42","0","     17.48","0","      5.37","0"
"USC00339312","1932","40.78126","-81.91986","310.9","WOOSTER EXPERIMENTAL STATION, OH US","    392.2","","     392.2","0","       124","0","        81","0","         4","0","","","","","         1","0","       135","0","        24","0","       157","0","        14","0","         1"," ","         1"," ","  -23.3","0,1216, ","","","","","  37.3"," ,0,0626, ","   36.1","0,0721, ","0.0","0,1014","-3.3","0,1112","-6.7","0,1120","-6.7","0,1120","-11.1","0,1127","0.0","0,0523","-2.2","0,0503","-4.4","0,0419","-6.7","0,0323","-10.0","0,0316","    2878.2","2","","","","","","","    2878.2","0","","","","","","","","","","","","","","","","","","","","","","","","","","","","","","","    878.0"," ,0","","","     10.67","0","     17.04","0","      4.31","0"
"USC00339312","1933","40.78126","-81.91986","310.9","WOOSTER EXPERIMENTAL STATION, OH US","    501.7","","     501.7","0","       139","0","        75","0","         5","0","","","","","         5","0","       120","0","        23","0","       149","0","        33","0","         1"," ","         3"," ","  -21.1","0,0209, ","","","","","  45.0"," ,0,0810, ","   37.8","0,0731, ","-3.3","0,1014","-3.3","0,1014","-5.0","0,1026","-6.7","0,1110","-11.1","0,1115","0.0","0,0428","-2.8","0,0423","-5.0","0,0329","-6.7","0,0316","-12.2","0,0311","    3067.4","4","","","","","","","    3067.4","0","","","","","","","","","","","","","","","","","","","","","","","","","","","","","","","    852.5"," ,0","","","     11.14","0","     17.11","0","      5.16","0"
"USC00339312","1934","40.78126","-81.91986","310.9","WOOSTER EXPERIMENTAL STATION, OH US","    539.0","","     539.0","0","       114","0","        62","0","         7","0","","","","","        12","0","       142","0","        34","0","       163","0","        31","0","         3"," ","         6"," ","  -25.6","0,0209, ","","","","","  52.3"," ,0,0929, ","   37.2","0,0725,+","0.0","0,1002","-4.4","0,1014","-4.4","0,1014","-6.7","0,1115","-11.7","0,1209","-0.6","0,0516","-4.4","0,0428","-4.4","0,0428","-9.4","0,0328","-9.4","0,0328","    3486.3","3","","","","","","","    3486.3","0","","","","","","","","","","","","","","","","","","","","","","","","","","","","","","","    759.8"," ,0","","","     10.27","0","     16.62","0","      3.93","0"
"USC00339312","1935","40.78126","-81.91986","310.9","WOOSTER EXPERIMENTAL STATION, OH US","    386.8","","     386.8","0","       148","0","        86","0","         8","0","","","","","         6","0","       129","0","        44","0","       145","0","        10","0","         1"," ","","","  -22.2","0,1231, ","","","",""," 112.8"," ,0,0807, ","   33.9","0,0801,+","-1.7","0,0930","-2.2","0,1004","-5.0","0,1122","-7.2","0,1124","-10.0","0,1204","-1.1","0,0508","-3.9","0,0418","-7.2","0,0416","-7.2","0,0416","-8.9","0,0228","    3343.7","7","","","","","","","    3343.7","0","","","","","","","","","","","","","","","","","","","","","","","","","","","","","","","   1177.3"," ,0","","","      9.78","0","     15.57","0","      3.99","0"
"USC00339312","1936","40.78126","-81.91986","310.9","WOOSTER EXPERIMENTAL STATION, OH US","    494.0","","     494.0","0","       136","0","        84","0","         6","0","","","","","        15","0","       144","0","        36","0","       160","0","        29","0","","","","","  -26.1","0,0123, ","","","","","  45.7"," ,0,0829,+","   39.4","0,0714, ","0.0","0,1024","-7.2","0,1028","-7.2","0,1028","-7.2","0,1028","-10.0","0,1119","0.0","0,0515","-6.1","0,0423","-6.1","0,0423","-7.2","0,0404","-10.6","0,0306","    3690.2","2","","","","","","","    3690.2","0","","","","","","","","","","","","","","","","","","","","","","","","","","","","","","","    927.7"," ,0","","","      9.91","0","     16.31","0","      3.51","0"
"USC00339312","1937","40.78126","-81.91986","310.9","WOOSTER EXPERIMENTAL STATION, OH US","    394.1","","     394.1","0","       154","0","        88","0","        10","0","","","","","         0","0","       143","0","        35","0","       136","0","        14","0","","","","","  -16.7","0,1211, ","","","","","  50.3"," ,0,0621, ","   33.3","0,0902,+","0.0","0,0918","-3.3","0,1014","-4.4","0,1016","-8.3","0,1121","-10.6","0,1123","0.0","0,0429","-3.9","0,0412","-4.4","0,0410","-6.7","0,0327","-10.6","0,0326","    3267.4","4","","","","","","","    3267.4","0","","","","","","","","","","","","","","","","","","","","","","","","","","","","","","","   1071.2"," ,0","","","      9.88","0","     15.57","0","      4.19","0"
"USC00339312","1938","40.78126","-81.91986","310.9","WOOSTER EXPERIMENTAL STATION, OH US","","","","","       138","0","        86","0","         4","0","","","","","         0","0","       130","0","","","","","","","","","","","  -16.1","0,0128,+","","","","","  41.7"," ,0,0913, ","","","-0.6","0,1002","-2.8","0,1007","-5.0","0,1101","-11.1","0,1125","-11.1","0,1125","0.0","0,0513","-2.2","0,0512","-5.6","0,0405","-6.7","0,0311","-8.9","0,0305","","","","","","","","","","","","","","","","","","","","","","","","","","","","","","","","","","","","","","","","","    905.5"," ,0","","","","","","","      4.86","0"
"USC00339312","1939","40.78126","-81.91986","310.9","WOOSTER EXPERIMENTAL STATION, OH US","","","","","       117","0","        74","0","         6","0","","","","","         2","0","       143","0","","","","","","","","","","","  -21.1","0,0216, ","","","","","  50.3"," ,0,0312, ","","","-1.1","0,1013","-5.0","0,1015","-5.0","0,1015","-6.7","0,1129","-14.4","0,1231","-0.6","0,0514","-5.6","0,0413","-5.6","0,0413","-7.2","0,0321","-13.9","0,0319","","","","","","","","","","","","","","","","","","","","","","","","","","","","","","","","","","","","","","","","","    775.8"," ,0","","","","","","","      4.53","0"
"USC00339312","1940","40.78126","-81.91986","310.9","WOOSTER EXPERIMENTAL STATION, OH US","","","","","       133","0","        88","0","         8","0","","","","","         7","0","       157","0","","","","","","","","","","","  -25.0","0,0119, ","","","","","  34.8"," ,0,0806, ","","","-0.6","0,0927","-2.8","0,1017","-7.2","0,1109","-7.2","0,1109","-9.4","0,1116","-0.6","0,0510","-2.2","0,0505","-5.6","0,0414","-6.7","0,0413","-10.6","0,0326","","","","","","","","","","","","","","","","","","","","","","","","","","","","","","","","","","","","","","","","","   1009.0"," ,0","","","","","","","      2.98","0"
"USC00339312","1941","40.78126","-81.91986","310.9","WOOSTER EXPERIMENTAL STATION, OH US","","","","","       111","0","        68","0","         7","0","","","","","         0","0","       132","0","","","","","","","","","","","  -17.2","0,0210, ","","","","","  58.4"," ,0,0712, ","","","-0.6","0,1026","-3.3","0,1122","-5.0","0,1125","-7.2","0,1211","-8.9","0,1219","0.0","0,0525","-2.2","0,0427","-10.6","0,0330","-10.6","0,0330","-10.6","0,0330","","","","","","","","","","","","","","","","","","","","","","","","","","","","","","","","","","","","","","","","","    758.7"," ,0","","","","","","","      4.68","0"
"USC00339312","1942","40.78126","-81.91986","310.9","WOOSTER EXPERIMENTAL STATION, OH US","","","","","       112","0","        80","0","         1","0","","","","","","","","","        47","0","       143","0","         3","0","         4"," ","","","","","","","","","  25.4"," ,0,0217, ","   34.4","0,0718, ","","","","","","","","","","","","","","","","","","","","","","","","","","","","","","","","","","","","","","","","","","","","","","","","","","","","","","","","","","","","","    755.0"," ,0","","","","","     15.23","0","",""
"USC00339312","1943","40.78126","-81.91986","310.9","WOOSTER EXPERIMENTAL STATION, OH US","","","","","        96","0","        66","0","         6","0","","","","","","","","","        38","0","       137","0","         6","0","         8"," ","         6"," ","","","","","","","  43.9"," ,0,0717, ","   33.3","0,0626, ","","","","","","","","","","","","","","","","","","","","","","","","","","","","","","","","","","","","","","","","","","","","","","","","","","","","","","","","","","","","","    758.4"," ,0","","","","","     14.90","0","",""
"USC00339312","1944","40.78126","-81.91986","310.9","WOOSTER EXPERIMENTAL STATION, OH US","","","","","       108","0","        75","0","         4","0","","","","","","","","","","","","","","","         4"," ","         3"," ","","","","","","","  59.2"," ,0,0527, ","","","","","","","","","","","","","","","","","","","","","","","","","","","","","","","","","","","","","","","","","","","","","","","","","","","","","","","","","","","","","","","    766.3"," ,0","","","","","","","",""
"USC00339312","1945","40.78126","-81.91986","310.9","WOOSTER EXPERIMENTAL STATION, OH US","","","","","       132","0","        91","0","         3","0","","","","","","","","","","","","","","","","","         1"," ","","","","","","","  50.8"," ,0,0714, ","","","","","","","","","","","","","","","","","","","","","","","","","","","","","","","","","","","","","","","","","","","","","","","","","","","","","","","","","","","","","","","    993.7"," ,0","","","","","","","",""
"USC00339312","1946","40.78126","-81.91986","310.9","WOOSTER EXPERIMENTAL STATION, OH US","","","","","       108","0","        75","0","         7","0","","","","","","","","","","","","","","","","","         2"," ","","","","","","","  69.9"," ,0,0616, ","","","","","","","","","","","","","","","","","","","","","","","","","","","","","","","","","","","","","","","","","","","","","","","","","","","","","","","","","","","","","","","    879.8"," ,0","","","","","","","",""
"USC00339312","1947","40.78126","-81.91986","310.9","WOOSTER EXPERIMENTAL STATION, OH US","","","","","       137","0","        78","0","        12","0","","","","","","","","","        39","0","       148","0","        11","0","","","         1"," ","","","","","","","  54.4"," ,0,0820, ","   33.9","0,0819,+","","","","","","","","","","","","","","","","","","","","","","","","","","","","","","","","","","","","","","","","","","","","","","","","","","","","","","","","","","","","","   1154.1"," ,0","","","","","     15.43","0","",""
"USC00339312","1948","40.78126","-81.91986","310.9","WOOSTER EXPERIMENTAL STATION, OH US","","","","","       134","0","        77","0","         6","0","","","","","","","","","        36","0","       140","0","        11","0","","","         4"," ","","","","","","","  46.0"," ,0,0612, ","   37.2","0,0826, ","","","","","","","","","","","","","","","","","","","","","","","","","","","","","","","","","","","","","","","","","","","","","","","","","","","","","","","","","","","","","    892.7"," ,0","","","","","     15.91","0","",""
"USC00339312","1949","40.78126","-81.91986","310.9","WOOSTER EXPERIMENTAL STATION, OH US","    507.9","","     507.9","0","       138","0","        82","0","         2","0","","","","","         0","0","       123","0","        24","0","       155","0","        23","0","","","         9"," ","  -17.2","0,0130, ","","","","","  51.8"," ,0,0630, ","   35.6","0,0705, ","0.0","0,1019","-2.2","0,1026","-6.7","0,1027","-6.7","0,1027","-8.9","0,1122","-2.2","0,0425","-2.2","0,0425","-5.0","0,0410","-7.8","0,0320","-9.4","0,0317","    3064.3","3","","","","","","","    3064.3","0","","","","","","","","","","","","","","","","","","","","","","","","","","","","","","","    832.9"," ,0","","","     11.04","0","     17.13","0","      4.94","0"
"USC00339312","1950","40.78126","-81.91986","310.9","WOOSTER EXPERIMENTAL STATION, OH US","    260.9","","     260.9","0","       144","0","        94","0","        13","0","","","        12","0","         3","0","       138","0","        46","0","       145","0","         3","0","","","","","  -26.7","0,1227, ","","","   165"," ,0,1127, ","  47.5"," ,0,0801,+","   32.8","0,0826,+","-1.1","0,1005","-2.8","0,1026","-4.4","0,1111","-8.9","0,1112","-8.9","0,1112","-1.7","0,0508","-3.9","0,0422","-4.4","0,0416","-8.3","0,0414","-10.6","0,0319","    3264.4","4","","","","","","","    3264.4","0","","","","","","","","","","","","","","","","","","","","","","","","","","","","","","","   1247.5"," ,0","     1358"," ,0","      9.18","0","     14.97","0","      3.40","0"
"USC00339312","1951","40.78126","-81.91986","310.9","WOOSTER EXPERIMENTAL STATION, OH US","    326.7","","     326.7","0","       133","0","        88","0","         8","0","       52","","        15","0","         8","0","       138","0","        40","0","       150","0","         8","0","","","","","  -25.0","0,1216,+","   356"," ,0,0202, ","   178"," ,0,1218,+","  45.5"," ,0,0901, ","   33.9","0,0831, ","0.0","0,0929","-2.2","0,1012","-9.4","0,1103","-9.4","0,1103","-9.4","0,1103","-0.6","0,0424","-3.9","0,0420","-7.2","0,0326","-7.2","0,0326","-9.4","0,0320","    3493.0","0","","","","","","","    3493.0","0","","","","","","","","","","","","","","","","","","","","","","","","","","","","","","","   1042.6"," ,0","     1217"," ,0","      9.60","0","     15.63","0","      3.58","0"
"USC00339312","1952","40.78126","-81.91986","310.9","WOOSTER EXPERIMENTAL STATION, OH US","    420.9","","     420.9","0","       120","0","        69","0","         6","0","       17","","         9","0","         0","0","       135","0","        28","0","       140","0","        31","0","","","","","  -14.4","0,0130,+","   152"," ,0,0301, ","   140"," ,0,0301, ","  46.0"," ,0,0919, ","   37.2","0,0626, ","-0.6","0,1003","-4.4","0,1008","-4.4","0,1008","-7.2","0,1021","-12.2","0,1128","-1.1","0,0503","-6.1","0,0330","-6.1","0,0330","-7.8","0,0315","-13.3","0,0302","    3315.4","4","","","","","","","    3315.4","0","","","","","","","","","","","","","","","","","","","","","","","","","","","","","","","    814.2"," ,0","      704"," ,0","     10.28","0","     16.34","0","      4.22","0"
"USC00339312","1953","40.78126","-81.91986","310.9","WOOSTER EXPERIMENTAL STATION, OH US","    356.8","","     356.8","0","       117","0","        61","0","         4","0","       28","","        12","0","         1","0","       129","0","        25","0","       158","0","        17","0","","","","","  -18.3","0,0218, ","   102"," ,0,1215, ","    91"," ,0,1215, ","  36.3"," ,0,0118, ","   37.2","0,0903,+","-1.1","0,1007","-3.9","0,1008","-5.0","0,1105","-7.8","0,1106","-9.4","0,1129","-0.6","0,0424","-2.8","0,0421","-5.0","0,0418","-11.1","0,0309","-11.1","0,0309","    3271.6","6","","","","","","","    3271.6","0","","","","","","","","","","","","","","","","","","","","","","","","","","","","","","","    657.7"," ,0","      815"," ,0","     10.51","0","     16.93","0","      4.10","0"
"USC00339312","1954","40.78126","-81.91986","310.9","WOOSTER EXPERIMENTAL STATION, OH US","    348.1","","     348.1","0","       131","0","        73","0","         7","0","       27","","         9","0","         1","0","       145","0","        35","0","       153","0","        16","0","","","","","  -17.8","0,0113, ","   330"," ,0,0302, ","   292"," ,0,0301, ","  50.5"," ,0,1015, ","   37.2","0,0905, ","-2.2","0,1007","-2.2","0,1007","-5.6","0,1111","-7.8","0,1203","-9.4","0,1206","0.0","0,0509","-5.6","0,0409","-5.6","0,0409","-7.2","0,0403","-15.0","0,0306","    3263.1","1","","","","","","","    3263.1","0","","","","","","","","","","","","","","","","","","","","","","","","","","","","","","","    814.2"," ,0","      787"," ,0","      9.98","0","     15.91","0","      4.04","0"
"USC00339312","1955","40.78126","-81.91986","310.9","WOOSTER EXPERIMENTAL STATION, OH US","    402.9","","     402.9","0","       118","0","        71","0","         7","0","","","        10","0","        10","0","       140","0","        48","0","       151","0","        12","0","","","","","  -20.6","0,0131, ","","","    66"," ,0,1119,+","  55.9"," ,0,1116, ","   34.4","0,0803,+","-1.7","0,1022","-2.2","0,1025","-5.0","0,1104","-7.2","0,1117","-13.3","0,1128","-1.1","0,0518","-2.8","0,0408","-6.7","0,0330","-6.7","0,0330","-10.6","0,0328","    3299.5","5","","","","","","","    3299.5","0","","","","","","","","","","","","","","","","","","","","","","","","","","","","","","","    923.7"," ,0","      588"," ,0","      9.87","0","     15.82","0","      3.92","0"
"USC00339312","1956","40.78126","-81.91986","310.9","WOOSTER EXPERIMENTAL STATION, OH US","    278.3","","     278.3","0","       147","0","        89","0","        10","0","       42","","        12","0","         0","0","       143","0","        35","0","       132","0","         4","0","","","","","  -15.6","0,0125,+","   178"," ,0,1209, ","   165"," ,0,1209, ","  51.6"," ,0,0813, ","   32.8","0,0805,+","-1.7","0,0921","-2.2","0,1010","-8.9","0,1117","-8.9","0,1117","-8.9","0,1117","0.0","0,0525","-2.8","0,0425","-5.0","0,0410","-8.3","0,0325","-10.0","0,0321","    3658.9","9","","","","","","","    3658.9","0","","","","","","","","","","","","","","","","","","","","","","","","","","","","","","","   1103.8"," ,0","      916"," ,0","      9.54","0","     15.17","0","      3.93","0"
"USC00339312","1957","40.78126","-81.91986","310.9","WOOSTER EXPERIMENTAL STATION, OH US","    318.0","","     318.0","0","       135","0","        88","0","        12","0","       30","","        10","0","         4","0","       142","0","        32","0","       143","0","         7","0","","","","","  -21.7","0,0117, ","   127"," ,0,0309, ","    64"," ,0,0404,+","  59.4"," ,0,0815, ","   33.3","0,0720, ","-0.6","0,0927","-2.2","0,1013","-4.4","0,1109","-6.7","0,1110","-8.9","0,1111","-2.8","0,0506","-2.8","0,0506","-6.1","0,0415","-6.7","0,0331","-9.4","0,0304","    3192.6","6","","","","","","","    3192.6","0","","","","","","","","","","","","","","","","","","","","","","","","","","","","","","","   1134.4"," ,0","      521"," ,0","      9.69","0","     15.25","0","      4.13","0"
"USC00339312","1958","40.78126","-81.91986","310.9","WOOSTER EXPERIMENTAL STATION, OH US","    239.8","","     239.8","0","       128","0","        76","0","         8","0","       62","","        13","0","        11","0","       137","0","        55","0","       133","0","         0","0","","","","","  -25.6","0,1211, ","   127"," ,0,1211,+","   127"," ,0,0219, ","  55.6"," ,0,0731, ","   31.7","0,0704, ","-2.2","0,1002","-2.2","0,1002","-4.4","0,1122","-8.3","0,1127","-17.2","0,1129","0.0","0,0508","-6.7","0,0409","-6.7","0,0409","-6.7","0,0409","-12.2","0,0221","    3597.0","0","","","","","","","    3597.0","0","","","","","","","","","","","","","","","","","","","","","","","","","","","","","","","    926.2"," ,0","      808"," ,0","      8.35","0","     13.91","0","      2.79","0"
"USC00339312","1959","40.78126","-81.91986","310.9","WOOSTER EXPERIMENTAL STATION, OH US","    482.6","","     482.6","0","       131","0","        82","0","        10","0","       40","","        13","0","         7","0","       146","0","        37","0","       151","0","        13","0","","","","","  -22.2","0,0105, ","   178"," ,0,0120, ","   152"," ,0,0312, ","  61.2"," ,0,0121, ","   33.3","0,0629, ","-0.6","0,0917","-2.2","0,1019","-4.4","0,1102","-12.2","0,1117","-12.2","0,1117","0.0","0,0516","-2.8","0,0422","-4.4","0,0413","-7.2","0,0328","-8.9","0,0323","    3617.4","4","","","","","","","    3617.4","0","","","","","","","","","","","","","","","","","","","","","","","","","","","","","","","   1119.4"," ,0","      983"," ,0","     10.03","0","     15.91","0","      4.14","0"
"USC00339312","1960","40.78126","-81.91986","310.9","WOOSTER EXPERIMENTAL STATION, OH US","    234.8","","     234.8","0","       121","0","        66","0","         4","0","       61","","        17","0","         8","0","       145","0","        68","0","       153","0","         0","0","","","","","  -22.2","0,1223,+","   305"," ,0,1223,+","   203"," ,0,1221, ","  38.4"," ,0,0614, ","   31.7","0,0901, ","-1.1","0,1001","-3.3","0,1021","-5.0","0,1025","-6.7","0,1107","-10.6","0,1201","-0.6","0,0502","-3.3","0,0419","-4.4","0,0409","-6.7","0,0326","-15.0","0,0325","    3499.0","0","","","","","","","    3499.0","0","","","","","","","","","","","","","","","","","","","","","","","","","","","","","","","    696.5"," ,0","     1341"," ,0","      8.66","0","     14.36","0","      2.96","0"
"USC00339312","1961","40.78126","-81.91986","310.9","WOOSTER EXPERIMENTAL STATION, OH US","    324.1","","     324.1","0","       128","0","        83","0","         6","0","       56","","        14","0","        11","0","       144","0","        36","0","       135","0","         0","0","","","","","  -25.6","0,0125, ","   229"," ,0,0105,+","   127"," ,0,0226, ","  55.9"," ,0,0820, ","   31.7","0,0906, ","0.0","0,0929","-2.2","0,1104","-5.0","0,1111","-6.7","0,1129","-8.9","0,1208","-0.6","0,0530","-2.2","0,0504","-4.4","0,0408","-10.0","0,0317","-10.0","0,0317","    3780.1","1","","","","","","","    3780.1","0","","","","","","","","","","","","","","","","","","","","","","","","","","","","","","","    907.7"," ,0","      993"," ,0","      9.12","0","     14.78","0","      3.46","0"
"USC00339312","1962","40.78126","-81.91986","310.9","WOOSTER EXPERIMENTAL STATION, OH US","    301.4","","     301.4","0","       122","0","        74","0","         4","0","","","        18","0","        12","0","       143","0","        47","0","       144","0","         4","0","","","","","  -23.9","0,0110, ","","","   140"," ,0,1206, ","  43.9"," ,0,0726, ","   36.1","0,0820, ","-0.6","0,0921","-2.2","0,1024","-4.4","0,1026","-7.8","0,1126","-11.1","0,1209","-1.1","0,0424","-3.3","0,0421","-6.1","0,0417","-11.1","0,0308","-11.1","0,0308","    3452.0","0","","","","","","","    3452.0","0","","","","","","","","","","","","","","","","","","","","","","","","","","","","","","","    709.1"," ,0","     1148"," ,0","      8.88","0","     14.73","0","      3.04","0"
"USC00339312","1963","40.78126","-81.91986","310.9","WOOSTER EXPERIMENTAL STATION, OH US","    205.9","","     205.9","0","       114","0","        69","0","         2","0","","","        21","0","        24","0","       156","0","        64","0","       150","0","         3","0","","","","","  -28.9","0,0227,+","","","   140"," ,0,0302, ","  35.1"," ,0,0305, ","   32.8","0,0701, ","-0.6","0,0925","-2.8","0,1014","-5.0","0,1124","-7.2","0,1125","-8.9","0,1204","-2.8","0,0524","-2.8","0,0524","-5.6","0,0323","-6.7","0,0314","-10.6","0,0302","    4011.8","8","","","","","","","    4011.8","0","","","","","","","","","","","","","","","","","","","","","","","","","","","","","","","    614.2"," ,0","     1312"," ,0","      7.97","0","     14.38","0","      1.55","0"
"USC00339312","1964","40.78126","-81.91986","310.9","WOOSTER EXPERIMENTAL STATION, OH US","    286.0","","     286.0","0","       118","0","        73","0","        10","0","       40","","        10","0","         2","0","       141","0","        37","0","       149","0","        10","0","","","","","  -20.6","0,0223, ","   229"," ,0,0114,+","   229"," ,0,0113, ","  68.6"," ,0,0721, ","   33.3","0,0910,+","-2.8","0,1006","-2.8","0,1006","-5.6","0,1010","-7.8","0,1011","-11.1","0,1121","-3.9","0,0411","-3.9","0,0411","-5.6","0,0405","-7.8","0,0404","-12.8","0,0401","    3565.0","0","","","","","","","    3565.0","0","","","","","","","","","","","","","","","","","","","","","","","","","","","","","","","    989.5"," ,0","      960"," ,0","      9.47","0","     15.74","0","      3.20","0"
"USC00339312","1965","40.78126","-81.91986","310.9","WOOSTER EXPERIMENTAL STATION, OH US","    294.7","","     294.7","0","       124","0","        83","0","         4","0","       23","","         7","0","         8","0","       142","0","        34","0","       143","0","         5","0","","","","","  -23.3","0,0117, ","   127"," ,0,0121,+","   102"," ,0,0116, ","  46.2"," ,0,0508, ","   35.0","0,0724, ","-3.3","0,1005","-3.3","0,1005","-6.7","0,1029","-6.7","0,1029","-10.0","0,1220","-0.6","0,0428","-2.8","0,0414","-8.3","0,0403","-8.3","0,0403","-8.9","0,0327","    3605.1","1","","","","","","","    3605.1","0","","","","","","","","","","","","","","","","","","","","","","","","","","","","","","","    887.8"," ,0","      449"," ,0","      9.50","0","     15.32","0","      3.68","0"
"USC00339312","1966","40.78126","-81.91986","310.9","WOOSTER EXPERIMENTAL STATION, OH US","","","","","       126","0","        65","0","         7","0","       46","","        11","0","","","","","","","","","","","","","","","","","   203"," ,0,0123, ","   203"," ,0,0123, ","  54.6"," ,0,0811, ","","","","","","","","","","","","","","","","","","","","","","","","","","","","","","","","","","","","","","","","","","","","","","","","","","","","","","","","","","","","","","","    766.2"," ,0","      681"," ,0","","","","","",""
"USC00339312","1967","40.78126","-81.91986","310.9","WOOSTER EXPERIMENTAL STATION, OH US","    256.2","","     256.2","0","       128","0","        80","0","         2","0","","","        12","0","         3","0","       134","0","        42","0","       136","0","         4","0","","","","","  -23.9","0,0208, ","","","   152"," ,0,0228, ","  44.7"," ,0,0928, ","   32.8","0,0616,+","0.0","0,1013","-2.2","0,1020","-4.4","0,1029","-6.7","0,1108","-9.4","0,1115","0.0","0,0523","-3.9","0,0429","-6.7","0,0412","-6.7","0,0412","-15.0","0,0319","    3595.2","2","","","","","","","    3595.2","0","","","","","","","","","","","","","","","","","","","","","","","","","","","","","","","    760.3"," ,0","     1011"," ,0","      9.15","0","     14.64","0","      3.66","0"
"USC00339312","1968","40.78126","-81.91986","310.9","WOOSTER EXPERIMENTAL STATION, OH US","    321.4","","     321.4","0","       146","0","        84","0","         7","0","       65","","        15","0","        12","0","       135","0","        54","0","       127","0","         7","0","","","","","  -23.9","0,0108, ","   381"," ,0,0115,+","   216"," ,0,0114, ","  35.6"," ,0,1228, ","   32.8","0,0824, ","-1.7","0,1005","-3.3","0,1030","-5.0","0,1031","-6.7","0,1110","-8.9","0,1207","-2.2","0,0507","-2.2","0,0507","-6.7","0,0406","-6.7","0,0406","-12.2","0,0314","    3760.8","8","","","","","","","    3760.8","0","","","","","","","","","","","","","","","","","","","","","","","","","","","","","","","    922.5"," ,0","     1000"," ,0","      9.02","0","     14.42","0","      3.61","0"
"USC00339312","1969","40.78126","-81.91986","310.9","WOOSTER EXPERIMENTAL STATION, OH US","    289.0","","     289.0","0","       121","0","        72","0","         4","0","       38","","         6","0","         4","0","       146","0","        47","0","       139","0","         2","0","","","","","  -18.9","0,0101, ","   152"," ,0,1227,+","    71"," ,0,1222, "," 238.0"," ,0,0705, ","   32.2","0,0627,+","-2.2","0,1015","-2.2","0,1015","-5.0","0,1023","-6.7","0,1024","-10.0","0,1121","-1.1","0,0501","-3.3","0,0420","-8.9","0,0331","-8.9","0,0331","-8.9","0,0331","    3621.2","2","","","","","","","    3621.2","0","","","","","","","","","","","","","","","","","","","","","","","","","","","","","","","   1051.7"," ,0","      428"," ,0","      8.87","0","     14.17","0","      3.57","0"
"USC00339312","1970","40.78126","-81.91986","310.9","WOOSTER EXPERIMENTAL STATION, OH US","    374.7","","     374.7","0","       129","0","        83","0","         8","0","       47","","         9","0","        11","0","       132","0","        51","0","       147","0","         2","0","","","","","  -22.2","0,0124,+","   178"," ,0,0112,+","    76"," ,0,0103, ","  40.4"," ,0,1013, ","   32.2","0,0726,+","-0.6","0,1017","-2.8","0,1115","-4.4","0,1116","-10.6","0,1123","-10.6","0,1123","-3.9","0,0507","-3.9","0,0507","-4.4","0,0411","-8.9","0,0330","-8.9","0,0330","    3786.3","3","","","","","","","    3786.3","0","","","","","","","","","","","","","","","","","","","","","","","","","","","","","","","    976.3"," ,0","      606"," ,0","      9.59","0","     14.88","0","      4.30","0"
"USC00339312","1971","40.78126","-81.91986","310.9","WOOSTER EXPERIMENTAL STATION, OH US","    302.6","","     302.6","0","       129","0","        63","0","         3","0","       33","","        10","0","         7","0","       139","0","        42","0","       154","0","         3","0","","","","","  -20.6","0,0202,+","   178"," ,0,0209, ","   102"," ,0,0209, ","  48.8"," ,0,0711, ","   35.6","0,0628, ","0.0","0,1008","-2.8","0,1104","-7.2","0,1107","-7.2","0,1107","-12.2","0,1123","-1.7","0,0504","-3.9","0,0427","-4.4","0,0415","-6.7","0,0404","-10.6","0,0309","    3586.1","1","","","","","","","    3586.1","0","","","","","","","","","","","","","","","","","","","","","","","","","","","","","","","    681.9"," ,0","      689"," ,0","      9.59","0","     15.21","0","      3.96","0"
"USC00339312","1972","40.78126","-81.91986","310.9","WOOSTER EXPERIMENTAL STATION, OH US","    234.5","","     234.5","0","       150","0","        97","0","         7","0","       49","","        12","0","         7","0","       138","0","        39","0","       125","0","         2","0","","","","","  -24.4","0,0116, ","   127"," ,0,0210,+","   114"," ,0,1216, ","  87.4"," ,0,0716, ","   32.2","0,0721,+","-1.7","0,1010","-2.8","0,1019","-5.6","0,1020","-7.8","0,1206","-11.1","0,1207","-0.6","0,0611","-2.8","0,0426","-9.4","0,0409","-9.4","0,0409","-9.4","0,0409","    3412.5","5","","","","","","","    3412.5","0","","","","","","","","","","","","","","","","","","","","","","","","","","","","","","","   1059.1"," ,0","      693"," ,0","      8.83","0","     13.97","0","      3.69","0"
"USC00339312","1973","40.78126","-81.91986","310.9","WOOSTER EXPERIMENTAL STATION, OH US","    372.2","","     372.2","0","       149","0","        90","0","         5","0","       30","","        11","0","         2","0","       111","0","        33","0","       142","0","         6","0","","","","","  -20.6","0,0217, ","   127"," ,0,0129, ","   114"," ,0,0129, ","  43.9"," ,0,0315, ","   33.3","0,0902, ","-1.7","0,1019","-2.2","0,1104","-4.4","0,1107","-6.7","0,1110","-8.9","0,1211","0.0","0,0429","-2.2","0,0415","-5.6","0,0414","-8.9","0,0228","-8.9","0,0228","    3369.6","6","","","","","","","    3369.6","0","","","","","","","","","","","","","","","","","","","","","","","","","","","","","","","    972.8"," ,0","      664"," ,0","     10.69","0","     15.67","0","      5.71","0"
"USC00339312","1974","40.78126","-81.91986","310.9","WOOSTER EXPERIMENTAL STATION, OH US","    235.1","","     235.1","0","       131","0","        80","0","         5","0","       57","","        17","0","         4","0","       134","0","        38","0","       131","0","         3","0","","","","","  -20.0","0,0113, ","   508"," ,0,1202, ","   483"," ,0,1202, ","  48.3"," ,0,1202, ","   32.8","0,0714, ","-1.1","0,0923","-2.8","0,1003","-4.4","0,1116","-7.8","0,1126","-10.0","0,1204","-1.7","0,0507","-3.3","0,0425","-5.6","0,0410","-8.3","0,0326","-18.3","0,0325","    3251.3","3","","","","","","","    3251.3","0","","","","","","","","","","","","","","","","","","","","","","","","","","","","","","","    908.7"," ,0","     1543"," ,0","      9.35","0","     14.72","0","      3.98","0"
"USC00339312","1975","40.78126","-81.91986","310.9","WOOSTER EXPERIMENTAL STATION, OH US","    351.8","","     351.8","0","       128","0","        88","0","         5","0","       42","","        13","0","         2","0","       131","0","        34","0","       134","0","         4","0","","","","","  -25.0","0,0210, ","   152"," ,0,0215,+","   127"," ,0,0209, ","  39.4"," ,0,0224, ","   33.9","0,0801, ","-2.8","0,1003","-2.8","0,1003","-4.4","0,1031","-6.7","0,1123","-8.9","0,1217","-1.1","0,0427","-6.1","0,0414","-6.1","0,0414","-7.8","0,0327","-11.7","0,0309","    3543.0","0","","","","","","","    3543.0","0","","","","","","","","","","","","","","","","","","","","","","","","","","","","","","","    946.5"," ,0","      840"," ,0","      9.96","0","     15.09","0","      4.83","0"
"USC00339312","1976","40.78126","-81.91986","310.9","WOOSTER EXPERIMENTAL STATION, OH US","    206.4","","     206.4","0","       124","0","        67","0","         5","0","       52","","        17","0","        12","0","       150","0","        50","0","       131","0","         0","0","","","","","  -22.2","0,1231, ","   254"," ,0,0123,+","   178"," ,0,0206, ","  44.5"," ,0,0814, ","   31.7","0,0715,+","0.0","0,1016","-4.4","0,1018","-4.4","0,1018","-6.7","0,1108","-8.9","0,1116","0.0","0,0519","-5.6","0,0413","-5.6","0,0413","-6.7","0,0412","-10.6","0,0317","    3295.5","5","","","","","","","    3295.5","0","","","","","","","","","","","","","","","","","","","","","","","","","","","","","","","    764.2"," ,0","     1212"," ,0","      8.47","0","     14.18","0","      2.76","0"
"USC00339312","1977","40.78126","-81.91986","310.9","WOOSTER EXPERIMENTAL STATION, OH US","    367.4","","     367.4","0","       140","0","        86","0","        11","0","       69","","        19","0","        23","0","       132","0","        56","0","       148","0","         8","0","","","","","  -28.9","0,0117, ","   508"," ,0,0209,+","   229"," ,0,1209, ","  89.7"," ,0,0722, ","   32.8","0,0720,+","0.0","0,1013","-3.3","0,1112","-5.6","0,1113","-8.3","0,1126","-11.1","0,1127","0.0","0,0511","-4.4","0,0429","-4.4","0,0429","-8.3","0,0409","-8.9","0,0302","    4069.5","5","","","","","","","    4069.5","0","","","","","","","","","","","","","","","","","","","","","","","","","","","","","","","   1128.1"," ,0","     1517"," ,0","      9.24","0","     14.74","0","      3.74","0"
"USC00339312","1978","40.78126","-81.91986","310.9","WOOSTER EXPERIMENTAL STATION, OH US","    310.7","","     310.7","0","       121","0","        80","0","         7","0","       71","","        16","0","        16","0","       139","0","        61","0","       132","0","         3","0","","","","","  -22.8","0,0210, ","   457"," ,0,0122,+","   127"," ,0,0120,+","  42.9"," ,0,0619, ","   35.0","0,0721, ","-2.8","0,1017","-2.8","0,1017","-5.0","0,1108","-7.2","0,1130","-12.8","0,1210","-2.2","0,0503","-2.2","0,0503","-5.6","0,0330","-8.9","0,0318","-8.9","0,0318","    4010.3","3","","","","","","","    4010.3","0","","","","","","","","","","","","","","","","","","","","","","","","","","","","","","","    884.6"," ,0","     1369"," ,0","      8.24","0","     13.84","0","      2.65","0"
"USC00339312","1979","40.78126","-81.91986","310.9","WOOSTER EXPERIMENTAL STATION, OH US","    292.1","","     292.1","0","       130","0","        86","0","         5","0","       55","","        13","0","        19","0","       133","0","        55","0","       128","0","         0","0","","","","","  -24.4","0,0211, ","   381"," ,0,0213, ","   114"," ,0,0213, "," 157.0"," ,0,0914, ","   30.6","0,0807,+","0.0","0,1015","-2.8","0,1026","-5.6","0,1027","-6.7","0,1112","-17.2","0,1203","-1.1","0,0517","-2.8","0,0410","-7.2","0,0407","-7.2","0,0407","-11.1","0,0315","    3708.7","7","","","","","","","    3708.7","0","","","","","","","","","","","","","","","","","","","","","","","","","","","","","","","   1048.8"," ,0","      912"," ,0","      8.77","0","     13.90","0","      3.64","0"
"USC00339312","1980","40.78126","-81.91986","310.9","WOOSTER EXPERIMENTAL STATION, OH US","    385.6","","     385.6","0","       127","0","        82","0","         9","0","       53","","        12","0","         4","0","       140","0","        60","0","       134","0","         5","0","","","","","  -19.4","0,1225,+","   127"," ,0,0219,+","   102"," ,0,0216, ","  55.9"," ,0,0822, ","   35.0","0,0720, ","-1.1","0,1005","-4.4","0,1029","-4.4","0,1029","-7.2","0,1120","-8.9","0,1126","-0.6","0,0426","-4.4","0,0417","-4.4","0,0417","-10.0","0,0312","-10.0","0,0312","    3629.3","3","","","","","","","    3629.3","0","","","","","","","","","","","","","","","","","","","","","","","","","","","","","","","   1014.6"," ,0","      773"," ,0","      8.98","0","     14.10","0","      3.87","0"
"USC00339312","1981","40.78126","-81.91986","310.9","WOOSTER EXPERIMENTAL STATION, OH US","    292.3","","     292.3","0","       121","0","        72","0","         5","0","       55","","        13","0","         8","0","       141","0","        54","0","       127","0","         0","0","","","","","  -23.3","0,0104, ","   229"," ,0,0114,+","   127"," ,0,1218, ","  49.5"," ,0,0609, ","   31.7","0,0709,+","-1.1","0,1004","-2.2","0,1017","-4.4","0,1024","-6.7","0,1130","-8.9","0,1218","0.0","0,0507","-5.0","0,0421","-5.0","0,0421","-6.7","0,0320","-10.6","0,0318","    3570.2","2","","","","","","","    3570.2","0","","","","","","","","","","","","","","","","","","","","","","","","","","","","","","","    834.7"," ,0","      898"," ,0","      9.07","0","     13.93","0","      4.20","0"
"USC00339312","1982","40.78126","-81.91986","310.9","WOOSTER EXPERIMENTAL STATION, OH US","","","","","       132","0","        80","0","         6","0","       43","","        10","0","","","","","        47","0","       132","0","         0","0","","","         4"," ","","","   203"," ,0,0303, ","   193"," ,0,0303, ","  40.4"," ,0,0805, ","   30.0","0,0717,+","","","","","","","","","","","","","","","","","","","","","","","","","","","","","","","","","","","","","","","","","","","","","","","","","","","","","","","","","","","","","    878.4"," ,0","      816"," ,0","","","     14.47","0","",""
"USC00339312","1983","40.78126","-81.91986","310.9","WOOSTER EXPERIMENTAL STATION, OH US","","","","","       116","0","        80","0","         6","0","       33","","         9","0","","","","","","","","","","","","","","","","","   152"," ,0,0312,+","   142"," ,0,0311, ","  32.8"," ,0,0801, ","","","","","","","","","","","","","","","","","","","","","","","    3235.2","2","","","","","","","    3235.2","0","","","","","","","","","","","","","","","","","","","","","","","","","","","","","","","    896.8"," ,0","      571"," ,0","","","","","",""
"USC00339312","1984","40.78126","-81.91986","310.9","WOOSTER EXPERIMENTAL STATION, OH US","    269.7","","     269.7","0","       133","0","        78","0","         9","0","       57","","        10","0","         9","0","       130","0","        49","0","       125","0","         1","0","","","","","  -26.7","0,0121, ","   432"," ,0,0229, ","   282"," ,0,0229, ","  42.9"," ,0,0504, ","   32.8","0,0710, ","-2.8","0,1102","-2.8","0,1102","-6.1","0,1114","-7.8","0,1120","-10.0","0,1205","0.0","0,0517","-2.8","0,0411","-4.4","0,0408","-17.8","0,0312","-17.8","0,0312","","","","","","","","","","","","","","","","","","","","","","","","","","","","","","","","","","","","","","","","","    932.7"," ,0","     1257"," ,0","      9.22","0","     14.20","0","      4.25","0"
"USC00339312","1985","40.78126","-81.91986","310.9","WOOSTER EXPERIMENTAL STATION, OH US","    217.4","","     217.4","0","       135","0","        84","0","         9","0","       68","","        17","0","        12","0","       124","0","        57","0","       139","0","         0","0","","","","","  -28.3","0,0120, ","   356"," ,0,0217,+","   117"," ,0,0409, ","  60.2"," ,0,0528, ","   31.7","0,0813, ","0.0","0,1002","-5.0","0,1121","-5.0","0,1121","-8.3","0,1202","-13.3","0,1214","-0.6","0,0417","-7.2","0,0410","-7.2","0,0410","-7.2","0,0410","-8.9","0,0409","    3425.1","1","","","","","","","    3425.1","0","","","","","","","","","","","","","","","","","","","","","","","","","","","","","","","   1006.7"," ,0","     1093"," ,0","      9.00","0","     14.10","0","      3.89","0"
"USC00339312","1986","40.78126","-81.91986","310.9","WOOSTER EXPERIMENTAL STATION, OH US","    364.0","","     364.0","0","       130","0","        78","0","         7","0","       24","","         7","0","         2","0","       132","0","        42","0","       149","0","         3","0","","","","","  -18.3","0,0308,+","    76"," ,0,0130, ","    51"," ,0,0222,+","  42.2"," ,0,0709, ","   32.8","0,0719,+","0.0","0,1007","-2.8","0,1019","-4.4","0,1103","-8.9","0,1113","-8.9","0,1113","-1.7","0,0504","-2.8","0,0424","-5.6","0,0423","-7.2","0,0322","-12.2","0,0321","    3342.9","9","","","","","","","    3342.9","0","","","","","","","","","","","","","","","","","","","","","","","","","","","","","","","    947.6"," ,0","      392"," ,0","     10.05","0","     15.05","0","      5.06","0"
"USC00339312","1987","40.78126","-81.91986","310.9","WOOSTER EXPERIMENTAL STATION, OH US","    423.1","","     423.1","0","       119","0","        69","0","         6","0","       47","","        14","0","         3","0","       132","0","        33","0","       145","0","         7","0","         3"," ","        11"," ","  -19.4","0,0124, ","   203"," ,0,0404, ","   203"," ,0,0404, ","  63.2"," ,0,0701, ","   33.3","0,0802,+","-1.1","0,1004","-2.2","0,1013","-5.6","0,1120","-8.9","0,1121","-8.9","0,1121","-2.2","0,0409","-2.2","0,0409","-6.1","0,0401","-7.2","0,0317","-8.9","0,0311","    3321.1","1","","","","","","","    3321.1","0","","","","","","","","","","","","","","","","","","","","","","","","","","","","","","","    811.5"," ,0","     1090"," ,0","     10.40","0","     15.62","0","      5.18","0"
"USC00339312","1988","40.78126","-81.91986","310.9","WOOSTER EXPERIMENTAL STATION, OH US","    407.5","","     407.5","0","       126","0","        66","0","         7","0","","","        16","0","         7","0","       146","0","        45","0","       135","0","        26","0","","","","","  -21.7","0,0206, ","","","   152"," ,0,0303, ","  65.5"," ,0,0718, ","   38.3","0,0708,+","-0.6","0,1004","-2.2","0,1008","-5.0","0,1030","-8.3","0,1031","-11.1","0,1210","-0.6","0,0426","-2.2","0,0419","-10.0","0,0322","-10.0","0,0322","-10.0","0,0322","    3497.7","7","","","","","","","    3497.7","0","","","","","","","","","","","","","","","","","","","","","","","","","","","","","","","    898.2"," ,0","      912"," ,0","      9.39","0","     15.19","0","      3.59","0"
"USC00339312","1989","40.78126","-81.91986","310.9","WOOSTER EXPERIMENTAL STATION, OH US","    337.4","","     337.4","0","       145","0","        84","0","         6","0","       51","","        10","0","         8","0","       137","0","        52","0","       141","0","         3","0","","","         1"," ","  -27.2","0,1222, ","   152"," ,0,1228,+","   127"," ,0,1215, ","  56.9"," ,0,0922, ","   33.3","0,0724, ","0.0","0,1004","-2.8","0,1009","-5.0","0,1103","-7.2","0,1119","-9.4","0,1203","-1.7","0,0424","-2.2","0,0423","-6.1","0,0410","-9.4","0,0322","-9.4","0,0322","    3529.9","9","","","","","","","    3529.9","0","","","","","","","","","","","","","","","","","","","","","","","","","","","","","","","   1018.3"," ,0","      725"," ,0","      9.17","0","     14.42","0","      3.92","0"
"USC00339312","1990","40.78126","-81.91986","310.9","WOOSTER EXPERIMENTAL STATION, OH US","    292.0","","     292.0","0","       139","0","        96","0","        11","0","       22","","         9","0","         1","0","       115","0","        16","0","       134","0","         1","0","","","","","  -18.9","0,0226, ","   102"," ,0,0129, ","    64"," ,0,0129, ","  74.9"," ,0,0711, ","   33.9","0,0704, ","-1.1","0,1020","-2.8","0,1027","-4.4","0,1108","-15.0","0,1224","-15.0","0,1224","-2.2","0,0419","-2.2","0,0419","-5.0","0,0418","-8.9","0,0327","-8.9","0,0327","    3384.4","4","","","","","","","    3384.4","0","","","","","","","","","","","","","","","","","","","","","","","","","","","","","","","   1354.0"," ,0","      385"," ,0","     10.83","0","     16.14","0","      5.52","0"
"USC00339312","1991","40.78126","-81.91986","310.9","WOOSTER EXPERIMENTAL STATION, OH US","    541.2","","     541.2","0","       130","0","        72","0","         5","0","       32","","         9","0","         1","0","       126","0","        23","0","       160","0","        19","0","","","","","  -19.4","0,0122, ","   127"," ,0,0216, ","    76"," ,0,1112, ","  52.1"," ,0,0903, ","   35.0","0,0802,+","0.0","0,0927","-3.3","0,1008","-7.8","0,1103","-7.8","0,1103","-8.9","0,1104","0.0","0,0418","-2.2","0,0411","-5.6","0,0403","-6.7","0,0331","-8.9","0,0312","    2973.5","5","","","","","","","    2973.5","0","","","","","","","","","","","","","","","","","","","","","","","","","","","","","","","    741.7"," ,0","      526"," ,0","     11.23","0","     16.76","0","      5.69","0"
"USC00339312","1992","40.78126","-81.91986","310.9","WOOSTER EXPERIMENTAL STATION, OH US","    215.6","","     215.6","0","       164","0","        94","0","         6","0","       37","","        16","0","         2","0","       117","0","        27","0","       129","0","         0","0","","","","","  -19.4","0,0119,+","   102"," ,0,0126,+","    71"," ,0,1105, ","  74.7"," ,0,0921, ","   30.0","0,0810,+","-2.8","0,1019","-2.8","0,1019","-5.0","0,1020","-8.3","0,1206","-10.6","0,1224","0.0","0,0507","-3.3","0,0406","-5.0","0,0402","-6.7","0,0324","-12.8","0,0316","    3342.7","7","","","","","","","    3342.7","0","","","","","","","","","","","","","","","","","","","","","","","","","","","","","","","   1089.8"," ,0","      662"," ,0","      9.48","0","     14.50","0","      4.46","0"
"USC00339312","1993","40.78126","-81.91986","310.9","WOOSTER EXPERIMENTAL STATION, OH US","    408.1","","     408.1","0","       144","0","        78","0","         4","0","","","","","         4","0","       125","0","        41","0","       130","0","        12","0","","","","","  -19.4","0,1229,+","","","","","  58.7"," ,0,0902, ","   35.0","0,0827,+","0.0","0,1003","-2.8","0,1011","-5.0","0,1102","-9.4","0,1212","-9.4","0,1212","-2.8","0,0427","-2.8","0,0427","-10.6","0,0319","-10.6","0,0319","-10.6","0,0319","    3500.6","6","","","","","","","    3500.6","0","","","","","","","","","","","","","","","","","","","","","","","","","","","","","","","    998.7"," ,0","","","      9.68","0","     14.87","0","      4.50","0"
"USC00339312","1994","40.78126","-81.91986","310.9","WOOSTER EXPERIMENTAL STATION, OH US","    335.3","","     335.3","0","       134","0","        85","0","         8","0","","","","","         9","0","       128","0","        40","0","       138","0","         8","0","","","","","  -31.1","0,0119, ","","","","","  61.2"," ,0,0813, ","   35.6","0,0619,+","-2.2","0,1011","-2.2","0,1011","-5.0","0,1123","-7.8","0,1126","-10.6","0,1213","-0.6","0,0503","-2.2","0,0423","-6.1","0,0408","-9.4","0,0317","-9.4","0,0317","    3725.6","6","","","","","","","    3725.6","0","","","","","","","","","","","","","","","","","","","","","","","","","","","","","","","    947.1"," ,0","","","      9.56","0","     15.16","0","      3.96","0"
"USC00339312","1995","40.78126","-81.91986","310.9","WOOSTER EXPERIMENTAL STATION, OH US","    414.9","","     414.9","0","       142","0","        75","0","         8","0","       62","","        12","0","         5","0","       139","0","        53","0","       141","0","        11","0","         5"," ","         6"," ","  -20.6","0,0212, ","   203"," ,0,1228,+","   127"," ,0,1220, ","  65.8"," ,0,0115, ","   35.0","0,0716, ","0.0","0,0924","-2.2","0,1018","-7.2","0,1106","-7.2","0,1106","-10.6","0,1209","-0.6","0,0427","-2.2","0,0426","-9.4","0,0406","-9.4","0,0406","-9.4","0,0406","    3306.6","6","","","","","","","    3306.6","0","","","","","","","","","","","","","","","","","","","","","","","","","","","","","","","   1079.2"," ,0","      676"," ,0","      9.41","0","     14.65","0","      4.17","0"
"USC00339312","1996","40.78126","-81.91986","310.9","WOOSTER EXPERIMENTAL STATION, OH US","    313.7","","     313.7","0","       153","0","        98","0","        12","0","       45","","        13","0","         8","0","       134","0","        48","0","       129","0","         2","0","","","","","  -21.7","0,0205, ","   279"," ,0,0113,+","   140"," ,0,0103, ","  82.6"," ,0,0907, ","   33.3","0,0701, ","0.0","0,1005","-2.8","0,1103","-7.2","0,1113","-7.2","0,1113","-11.1","0,1116","-1.7","0,0515","-4.4","0,0410","-4.4","0,0410","-9.4","0,0328","-9.4","0,0328","    3801.8","8","","","","","","","    3801.8","0","","","","","","","","","","","","","","","","","","","","","","","","","","","","","","","   1328.5"," ,0","      711"," ,0","      9.11","0","     14.25","0","      3.98","0"
"USC00339312","1997","40.78126","-81.91986","310.9","WOOSTER EXPERIMENTAL STATION, OH US","    253.1","","     253.1","0","       145","0","        75","0","         4","0","       26","","","","         7","0","       140","0","        34","0","       123","0","         2","0","","","","","  -20.0","0,0114,+","    76"," ,0,0214, ","","","  62.7"," ,0,0601, ","   32.2","0,0728,+","-1.1","0,1003","-3.9","0,1022","-7.2","0,1113","-7.2","0,1113","-10.0","0,1119","0.0","0,0503","-3.3","0,0421","-8.9","0,0411","-8.9","0,0411","-8.9","0,0411","    3509.7","7","","","","","","","    3509.7","0","","","","","","","","","","","","","","","","","","","","","","","","","","","","","","","    871.5"," ,0","","","      9.20","0","     14.45","0","      3.94","0"
"USC00339312","1998","40.78126","-81.91986","310.9","WOOSTER EXPERIMENTAL STATION, OH US","    348.6","","     348.6","0","       124","0","        71","0","        10","0","","","         2","0","         0","0","       110","0","        19","0","       149","0","         1","0","","","","","  -13.9","0,1225,+","","","    76"," ,0,0310, ","  91.4"," ,0,0825, ","   32.2","0,0626, ","0.0","0,1003","-2.2","0,1108","-6.1","0,1211","-7.8","0,1216","-10.6","0,1223","-1.7","0,0429","-3.9","0,0412","-5.0","0,0317","-9.4","0,0314","-9.4","0,0314","    3110.1","1","","","","","","","    3110.1","0","","","","","","","","","","","","","","","","","","","","","","","","","","","","","","","   1031.6"," ,0","      220"," ,0","     11.17","0","     16.32","0","      6.02","0"
"USC00339312","1999","40.78126","-81.91986","310.9","WOOSTER EXPERIMENTAL STATION, OH US","    327.0","","     327.0","0","       120","0","        75","0","         6","0","       40","","        13","0","         2","0","       130","0","        37","0","       139","0","        10","0","","","","","  -21.1","0,0105, ","   203"," ,0,0115,+","   114"," ,0,0113, ","  62.2"," ,0,0729, ","   33.9","0,0801,+","-1.1","0,1008","-3.3","0,1022","-5.0","0,1117","-7.8","0,1118","-10.6","0,1202","-1.7","0,0426","-3.9","0,0329","-5.0","0,0328","-9.4","0,0314","-9.4","0,0314","    3224.4","4","      25.6","0,5,1","      25.0","0,5,2","","","    3224.4","0","      40.6","0,5,1","      32.8","0,5,2","","","      -7.8","0,5,1","      -4.4","0,5,2","","","      -2.2","0,5,1","      -2.8","0,5,2","","","       9.2","0,5,1","      10.2","0,5,2","","","      18.2","0,5,1","      14.7","0,5,2","","","    883.6"," ,0","      779"," ,0","     10.05","0","     15.58","0","      4.52","0"
"USC00339312","2000","40.78126","-81.91986","310.9","WOOSTER EXPERIMENTAL STATION, OH US","    228.9","","     228.9","0","       146","0","        77","0","        12","0","       60","","        14","0","         7","0","       129","0","        60","0","       129","0","         0","0","        15"," ","         5"," ","  -21.1","0,0129,+","   229"," ,0,0206,+","   114"," ,0,0120, ","  52.8"," ,0,1217, ","   30.0","0,0903,+","-1.1","0,0930","-2.2","0,1013","-5.0","0,1121","-7.2","0,1122","-10.6","0,1123","-0.6","0,0428","-2.8","0,0414","-4.4","0,0401","-7.2","0,0222","-8.9","0,0218","    3200.8","8","      23.3","0,5,1","      23.3","0,5,2","","","    3200.8","0","      35.0","0,5,1","      27.8","0,5,2","","","      -5.6","0,5,1","      -0.6","0,5,2","","","      -0.6","0,5,1","      -0.6","0,5,2","","","       9.3","0,5,1","      10.1","0,5,2","","","      17.0","0,5,1","      13.8","0,5,2","","","   1038.9"," ,0","      766"," ,0","      9.10","0","     13.92","0","      4.27","0"
"USC00339312","2001","40.78126","-81.91986","310.9","WOOSTER EXPERIMENTAL STATION, OH US","    280.0","","     280.0","0","       150","0","        87","0","         6","0","       34","","         6","0","         0","0","       122","0","        38","0","       128","0","         3","0","        41"," ","        28"," ","  -15.6","0,0110, ","   127"," ,0,0107,+","    76"," ,0,0306, ","  53.8"," ,0,0810, ","   32.8","0,0802, ","-0.6","0,1008","-3.9","0,1009","-4.4","0,1107","-6.7","0,1223","-10.0","0,1226","-1.1","0,0430","-3.3","0,0420","-6.1","0,0329","-8.3","0,0328","-12.2","0,0327","    3683.5","5","      25.6","0,5,1","      25.0","0,5,2","","","    3683.5","0","      41.1","0,5,1","      31.7","0,5,2","","","      -2.8","0,5,1","      -0.6","0,5,2","","","       0.0","0,5,1","      -0.6","0,5,2","","","       9.6","0,5,1","      10.5","0,5,2","","","      17.5","0,5,1","      13.9","0,5,2","","","    946.9"," ,0","      337"," ,0","     10.15","0","     14.89","0","      5.42","0"
"USC00339312","2002","40.78126","-81.91986","310.9","WOOSTER EXPERIMENTAL STATION, OH US","    465.5","","     465.5","0","       133","0","        87","0","         3","0","       34","","        11","0","         0","0","       132","0","        32","0","       143","0","        23","0","        32"," ","        29"," ","  -15.6","0,1205, ","   127"," ,0,1228,+","   102"," ,0,0107, ","  32.3"," ,0,0604, ","   35.6","0,0802, ","0.0","0,1009","-2.2","0,1023","-5.0","0,1104","-7.8","0,1128","-8.9","0,1203","-1.7","0,0523","-2.2","0,0505","-5.6","0,0408","-7.2","0,0329","-10.6","0,0323","    3056.0","0","      25.6","0,5,1","      26.1","0,5,2","","","    3056.0","0","      38.9","0,5,1","      31.1","0,5,2","","","      -3.3","0,5,1","      -1.1","0,5,2","","","      -0.6","0,5,1","      -0.6","0,5,2","","","       9.9","0,5,1","      10.7","0,5,2","","","      16.7","0,5,1","      13.9","0,5,2","","","    889.2"," ,0","      617"," ,0","     10.41","0","     16.02","0","      4.79","0"
"USC00339312","2003","40.78126","-81.91986","310.9","WOOSTER EXPERIMENTAL STATION, OH US","    250.1","","     250.1","0","       168","0","        98","0","         8","0","       69","","        21","0","         6","0","       134","0","        53","0","       139","0","         0","0","        57"," ","        32"," ","  -23.9","0,0128, ","   203"," ,0,0130,+","   114"," ,0,0217,+","  48.8"," ,0,0709, ","   31.7","0,0815,+","-1.7","0,1003","-3.9","0,1004","-4.4","0,1109","-7.2","0,1110","-10.0","0,1208","-2.2","0,0428","-2.2","0,0428","-5.6","0,0401","-8.3","0,0315","-12.2","0,0312","    3607.7","7","      23.3","0,5,1","      23.3","0,5,2","","","    3607.7","0","      34.4","0,5,1","      28.3","0,5,2","","","      -5.6","0,5,1","      -2.8","0,5,2","","","      -1.7","0,5,1","      -2.2","0,5,2","","","       9.4","0,5,1","       9.9","0,5,2","","","      15.7","0,5,1","      12.9","0,5,2","","","   1191.8"," ,0","     1170"," ,0","      9.15","0","     14.52","0","      3.78","0"
"USC00339312","2004","40.78126","-81.91986","310.9","WOOSTER EXPERIMENTAL STATION, OH US","    252.4","","     252.4","0","       163","0","        97","0","        13","0","       64","","        20","0","        10","0","       121","0","        36","0","       139","0","         0","0","        62"," ","        23"," ","  -23.3","0,0126, ","   279"," ,0,0130,+","   152"," ,0,0126, ","  55.1"," ,0,0615, ","   31.1","0,0610, ","0.0","0,1004","-2.2","0,1019","-4.4","0,1110","-6.7","0,1115","-8.9","0,1216","-2.8","0,0505","-2.8","0,0505","-5.0","0,0407","-11.7","0,0323","-11.7","0,0323","    3403.9","9","      23.3","0,5,1","      22.8","0,5,2","","","    3403.9","0","      31.7","0,5,1","      28.3","0,5,2","","","      -2.8","0,5,1","      -2.2","0,5,2","","","      -1.1","0,5,1","      -1.1","0,5,2","","","      10.4","0,5,1","      10.6","0,5,2","","","      15.5","0,5,1","      13.5","0,5,2","","","   1337.5"," ,0","     1178"," ,0","      9.53","0","     14.88","0","      4.18","0"
"USC00339312","2005","40.78126","-81.91986","310.9","WOOSTER EXPERIMENTAL STATION, OH US","    396.4","","     396.4","0","       152","0","        81","0","        10","0","       71","","        23","0","         5","0","       125","0","        48","0","       150","0","        11","0","        62"," ","        37"," ","  -21.1","0,0125, ","   229"," ,0,0124,+","   127"," ,0,0123, ","  69.6"," ,0,0831, ","   33.3","0,0627, ","0.0","0,1024","-2.2","0,1028","-5.6","0,1118","-8.9","0,1119","-8.9","0,1119","-1.7","0,0506","-3.3","0,0505","-6.7","0,0317","-6.7","0,0317","-11.7","0,0315","    3402.5","5","      24.4","0,5,1","      24.4","0,5,2","","","    3402.5","0","      31.7","0,5,1","      28.9","0,5,2","","","       0.0","0,5,1","       0.0","0,5,2","","","       0.6","0,5,1","       0.0","0,5,2","","","      11.0","0,5,1","      11.0","0,5,2","","","      14.9","0,5,1","      13.3","0,5,2","","","   1054.4"," ,0","     1049"," ,0","      9.87","0","     15.37","0","      4.38","0"
"USC00339312","2006","40.78126","-81.91986","310.9","WOOSTER EXPERIMENTAL STATION, OH US","    299.9","","     299.9","0","       152","0","        85","0","        10","0","       12","","         5","0","         0","0","       118","0","        21","0","       132","0","         3","0","        67"," ","        35"," ","  -16.1","0,0220, ","    76"," ,0,0228, ","    76"," ,0,0228, ","  64.8"," ,0,0722, ","   33.3","0,0717, ","-0.6","0,1013","-2.2","0,1016","-6.7","0,1104","-6.7","0,1104","-8.9","0,1205","-1.1","0,0524","-4.4","0,0427","-4.4","0,0427","-7.8","0,0323","-8.9","0,0304","    3168.1","1","      26.1","0,5,1","      25.6","0,5,2","","","    3168.1","0","      32.8","0,5,1","      28.3","0,5,2","","","       0.6","0,5,1","       0.6","0,5,2","","","       0.6","0,5,1","       1.1","0,5,2","","","      10.8","0,5,1","      11.1","0,5,2","","","      15.6","0,5,1","      13.8","0,5,2","","","   1139.1"," ,0","      241"," ,0","     10.55","0","     15.84","0","      5.26","0"
"USC00339312","2007","40.78126","-81.91986","310.9","WOOSTER EXPERIMENTAL STATION, OH US","    376.3","","     376.3","0","       137","0","        78","0","        12","0","       56","","        16","0","         7","0","       127","0","        45","0","       163","0","         7","0","        56"," ","        31"," ","  -20.6","0,0207,+","   305"," ,0,0219,+","   203"," ,0,0214, ","  66.8"," ,0,0821, ","   32.8","0,0907,+","-0.6","0,1014","-3.3","0,1030","-6.1","0,1124","-7.8","0,1125","-8.9","0,1202","0.0","0,0416","-4.4","0,0411","-4.4","0,0411","-7.8","0,0310","-13.9","0,0309","    3247.7","7","      25.0","0,5,1","      23.9","0,5,2","","","    3247.7","0","      33.9","0,5,1","      29.4","0,5,2","","","      -5.6","0,5,1","      -3.3","0,5,2","","","      -2.8","0,5,1","      -2.2","0,5,2","","","      10.4","0,5,1","      10.9","0,5,2","","","      16.4","0,5,1","      14.1","0,5,2","","","   1153.9"," ,0","      858"," ,0","     10.17","0","     15.81","0","      4.53","0"
"USC00339312","2008","40.78126","-81.91986","310.9","WOOSTER EXPERIMENTAL STATION, OH US","    303.1","","     303.1","0","       160","0","        93","0","         5","0","       56","","        19","0","         2","0","       140","0","        42","0","       147","0","         7","0","        31"," ","        20"," ","  -18.3","0,1222,+","   330"," ,0,0309, ","   216"," ,0,0308, ","  36.1"," ,0,0709, ","   32.8","0,0904, ","0.0","0,1005","-2.8","0,1019","-4.4","0,1030","-8.9","0,1119","-8.9","0,1119","-0.6","0,0501","-5.0","0,0416","-5.0","0,0416","-6.7","0,0330","-11.7","0,0310","    3265.1","1","      23.3","0,5,1","      21.7","0,5,2","","","    3265.1","0","      35.0","0,5,1","      26.7","0,5,2","","","      -2.8","0,5,1","      -1.1","0,5,2","","","      -1.1","0,5,1","      -1.1","0,5,2","","","       9.7","0,5,1","      10.0","0,5,2","","","      15.9","0,5,1","      13.0","0,5,2","","","   1138.2"," ,0","     1271"," ,0","      9.53","0","     15.43","0","      3.63","0"
"USC00339312","2009","40.78126","-81.91986","310.9","WOOSTER EXPERIMENTAL STATION, OH US","    264.1","","     264.1","0","       137","0","        83","0","         6","0","       38","","        10","0","        11","0","       138","0","        43","0","       144","0","         4","0","        37"," ","        17"," ","  -27.8","0,0117, ","   254"," ,0,0130,+","   152"," ,0,0129, ","  75.9"," ,0,0811, ","   33.3","0,0626, ","-1.1","0,1001","-2.8","0,1019","-5.6","0,1205","-8.9","0,1206","-8.9","0,1206","0.0","0,0519","-3.3","0,0412","-4.4","0,0324","-7.8","0,0314","-10.6","0,0305","    3565.8","8","      22.8","0,5,2","","","","","    3565.8","0","      26.7","0,5,2","","","","","      -1.1","0,5,2","","","","","      -1.1","0,5,2","","","","","       9.3","0,5,2","","","","","      11.8","0,5,2","","","","","   1059.6"," ,0","      710"," ,0","      9.42","0","     15.43","0","      3.40","0"
"USC00339312","2010","40.78126","-81.91986","310.9","WOOSTER EXPERIMENTAL STATION, OH US","    497.1","","     497.1","0","       122","0","        75","0","        11","0","       75","","        15","0","         3","0","       141","0","        59","0","       159","0","        20","0","        40"," ","        24"," ","  -19.4","0,0208, ","   432"," ,0,0217, ","   305"," ,0,0206, ","  43.4"," ,0,0605, ","   33.9","0,0724, ","-0.6","0,1020","-2.2","0,1101","-4.4","0,1102","-6.7","0,1128","-9.4","0,1208","-1.1","0,0510","-2.8","0,0420","-7.2","0,0328","-7.2","0,0328","-8.9","0,0221","    3344.8","8","      25.6","0,5,1","      24.4","0,5,2","","","    3344.8","0","      33.9","0,5,1","      27.2","0,5,2","","","      -1.7","0,5,1","      -1.7","0,5,2","","","       0.0","0,5,1","      -1.7","0,5,2","","","      10.5","0,5,1","       9.9","0,5,2","","","      16.4","0,5,1","      12.5","0,5,2","","","   1034.0"," ,0","     1254"," ,0","     10.16","0","     16.09","0","      4.23","0"
"USC00339312","2011","40.78126","-81.91986","310.9","WOOSTER EXPERIMENTAL STATION, OH US","    457.6","","     457.6","K","       157","K","       107","K","         9","K","","","","","         5","K","       121","K","        34","K","       145","K","        16","K","        40"," ","        40"," ","  -21.1","K,0124,+","","","","","  56.6"," ,K,1020, ","   36.1","K,0723, ","0.0","K,1023","-2.8","K,1029","-4.4","K,1118","-7.2","K,1210","-9.4","K,1211","-2.2","K,0406","-2.2","K,0406","-8.9","K,0330","-8.9","K,0330","-8.9","K,0330","    3514.3","3","      23.9","K,3,2","      25.6","K,5,1","      23.9","K,5,2","    3514.3","K","      27.2","K,3,2","      33.9","K,5,1","      27.2","K,5,2","      -1.1","K,3,2","       0.0","K,5,1","      -1.1","K,5,2","      -0.6","K,3,2","       0.6","K,5,1","      -0.6","K,5,2","       9.7","K,3,2","      10.7","K,5,1","       9.8","K,5,2","      12.1","K,3,2","      15.8","K,5,1","      12.0","K,5,2","   1360.7"," ,K","","","     10.61","K","     16.24","K","      4.98","K"
"USC00339312","2012","40.78126","-81.91986","310.9","WOOSTER EXPERIMENTAL STATION, OH US","    493.4","","     493.4","7","       123","7","        80","7","         6","7","","","","","         2","7","       127","7","        20","7","       164","7","        26","7","        44"," ","        37"," ","  -18.3","7,0120, ","","","","","  44.2"," ,7,0619, ","   37.2","7,0718,+","-1.7","7,1009","-2.2","7,1011","-5.6","7,1106","-6.7","7,1128","","","-1.7","K,0429","-2.2","K,0413","-4.4","K,0407","-6.7","K,0310","-9.4","K,0306","    2834.2","2","      23.9","7,3,2","","","","","    2834.2","7","      29.4","7,3,2","","","","","      -1.1","7,3,2","","","","","      -1.1","7,3,2","","","","","      10.1","7,3,2","","","","","      13.4","7,3,2","","","","","    910.8"," ,7","","","     11.44","7","     17.75","7","      5.12","7"
"USC00339312","2013","40.78126","-81.91986","310.9","WOOSTER EXPERIMENTAL STATION, OH US","    388.9","","     388.9","7","       139","7","        79","7","         8","7","","","","","         0","7","       153","7","        38","7","       154","7","         9","7","        38"," ","        18"," ","  -17.2","7,0103, ","","","",""," 101.1"," ,7,0710, ","   34.4","7,0911, ","0.0","7,1024","-2.2","7,1027","-6.7","7,1113","-6.7","7,1113","-9.4","7,1124","0.0","7,0526","-2.2","7,0422","-7.8","7,0405","-7.8","7,0405","-9.4","7,0322","    3415.3","3","      25.0","7,3,2","","","","","    3415.3","7","      33.9","7,3,2","","","","","      -2.2","7,3,2","","","","","      -2.2","7,3,2","","","","","       8.9","7,3,2","","","","","      11.5","7,3,2","","","","","   1099.0"," ,7","","","      9.67","7","     15.40","7","      3.95","7"
"USC00339312","2014","40.78126","-81.91986","310.9","WOOSTER EXPERIMENTAL STATION, OH US","    328.0","","     328.0","7","       132","7","        79","7","         8","7","","","","","        19","7","       135","7","        56","7","       149","7","         0","7","        30"," ","        21"," ","  -24.4","7,0129,+","","","","","  53.8"," ,7,0820, ","   31.7","7,0906,+","-1.7","7,1012","-3.9","7,1103","-6.7","7,1114","-6.7","7,1114","-12.2","7,1118","-1.1","7,0424","-4.4","7,0417","-4.4","7,0417","-7.8","7,0329","-10.6","7,0327","    3843.3","3","      21.7","7,3,2","","","","","    3843.3","7","      33.3","7,3,2","","","","","      -7.2","7,3,2","","","","","      -6.7","7,3,2","","","","","       7.9","7,3,2","","","","","      11.0","7,3,2","","","","","    994.3"," ,7","","","      8.71","7","     14.63","7","      2.80","7"
"USC00339312","2015","40.78126","-81.91986","310.9","WOOSTER EXPERIMENTAL STATION, OH US","    407.5","","     407.5","7","       139","7","        79","7","         8","7","","","","","        26","7","       124","7","        44","7","       156","7","         7","7","        36"," ","        20"," ","  -25.6","7,0224, ","","","","","  43.2"," ,7,0912, ","   32.8","7,0730,+","0.0","7,1017","-3.3","7,1019","-7.8","7,1123","-7.8","7,1123","","","-0.6","7,0514","-3.9","7,0424","-4.4","7,0401","-7.8","7,0330","-10.6","7,0329","    3805.7","7","      22.8","7,3,2","","","","","    3805.7","7","      29.4","7,3,2","","","","","      -5.0","7,3,2","","","","","      -3.9","7,3,2","","","","","       9.4","7,3,2","","","","","      12.6","7,3,2","","","","","   1029.0"," ,7","","","      9.99","7","     16.10","7","      3.88","7"
"USC00339312","2016","40.78126","-81.91986","310.9","WOOSTER EXPERIMENTAL STATION, OH US","    540.6","","     540.6","7","       133","7","        79","7","         4","7","","","","","         4","7","       134","7","        32","7","       164","7","        22","7","        20"," ","        10"," ","  -19.4","7,0215,+","","","","","  39.1"," ,7,1020, ","   35.6","7,0724, ","-1.1","7,1014","-5.6","7,1113","-5.6","7,1113","-6.7","7,1210","-12.2","7,1214","-0.6","7,0423","-2.2","7,0414","-7.8","7,0411","-7.8","7,0411","-12.2","7,0219","    2997.8","8","","","","","","","    2997.8","7","","","","","","","","","","","","","","","","","","","","","","","","","","","","","","","    897.6"," ,7","","","     11.00","7","     17.30","7","      4.71","7"
"USC00339312","2017","40.78126","-81.91986","310.9","WOOSTER EXPERIMENTAL STATION, OH US","    381.7","","     381.7","7","       136","7","        94","7","         6","7","","","","","         6","7","       117","7","        32","7","       164","7","        10","7","        30"," ","        16"," ","  -18.3","7,1231,+","","","","","  50.0"," ,7,1106, ","   32.8","7,0927,+","0.0","7,1017","-2.2","7,1026","-5.0","7,1109","-7.2","7,1111","-11.1","7,1213","-1.1","7,0509","-2.2","7,0408","-11.1","7,0324","-11.1","7,0324","-11.1","7,0324","    2923.2","2","","","","","","","    2923.2","7","","","","","","","","","","","","","","","","","","","","","","","","","","","","","","","   1137.2"," ,7","","","     10.98","7","     16.88","7","      5.09","7"
"USC00339312","2018","40.78126","-81.91986","310.9","WOOSTER EXPERIMENTAL STATION, OH US","    568.0","","     568.0","7","       157","7","        93","7","        14","7","       32","","         9","7","         7","7","       150","7","        32","7","       157","7","        21","7","        18"," ","        12"," ","  -21.1","7,0101, ","   102"," ,7,0209,+","    89"," ,7,0207,+","  55.1"," ,7,0910, ","   34.4","7,0905, ","0.0","7,1016","-2.2","7,1019","-6.7","7,1110","-6.7","7,1110","-9.4","7,1207","-2.2","7,0430","-2.2","7,0430","-5.0","7,0411","-6.7","7,0410","-8.9","7,0317","    3432.3","3","","","","","","","    3432.3","7","","","","","","","","","","","","","","","","","","","","","","","","","","","","","","","   1312.9"," ,7","      580"," ,7","     10.38","7","     15.85","7","      4.91","7"
"USC00339312","2019","40.78126","-81.91986","310.9","WOOSTER EXPERIMENTAL STATION, OH US","","","","","","","","","","","","","","","","","","","","","","","","","        24"," ","        12"," ","","","","","","","","","","","","","","","","","","","","","","","","","","","","","","","    3429.7","7","","","","","","","    3429.7","7","","","","","","","","","","","","","","","","","","","","","","","","","","","","","","","","","","","","","","","",""
"USC00339312","2020","40.78126","-81.91986","310.9","WOOSTER EXPERIMENTAL STATION, OH US","","","","","","","","","","","","","","","","","","","","","","","","","        33"," ","","","","","","","","","","","","","","","","","","","","","","","","","","","","","","","","","","","","","","","","","","","","","","","","","","","","","","","","","","","","","","","","","","","","","","","","","","","","","","","","","",""
"USC00339312","2021","40.78126","-81.91986","310.9","WOOSTER EXPERIMENTAL STATION, OH US","","","","","","","","","","","","","","","","","","","","","","","","","        27"," ","","","","","","","","","","","","","","","","","","","","","","","","","","","","","","","","","    3278.0","0","","","","","","","    3278.0","7","","","","","","","","","","","","","","","","","","","","","","","","","","","","","","","","","","","","","","","",""
