"STATION","DATE","LATITUDE","LONGITUDE","ELEVATION","NAME","AWND","AWND_ATTRIBUTES","CDSD","CDSD_ATTRIBUTES","CLDD","CLDD_ATTRIBUTES","DP01","DP01_ATTRIBUTES","DP10","DP10_ATTRIBUTES","DP1X","DP1X_ATTRIBUTES","DSND","DSND_ATTRIBUTES","DSNW","DSNW_ATTRIBUTES","DT00","DT00_ATTRIBUTES","DT32","DT32_ATTRIBUTES","DX32","DX32_ATTRIBUTES","DX70","DX70_ATTRIBUTES","DX90","DX90_ATTRIBUTES","DYFG","DYFG_ATTRIBUTES","DYHF","DYHF_ATTRIBUTES","DYTS","DYTS_ATTRIBUTES","EMNT","EMNT_ATTRIBUTES","EMSD","EMSD_ATTRIBUTES","EMSN","EMSN_ATTRIBUTES","EMXP","EMXP_ATTRIBUTES","EMXT","EMXT_ATTRIBUTES","FZF0","FZF0_ATTRIBUTES","FZF1","FZF1_ATTRIBUTES","FZF2","FZF2_ATTRIBUTES","FZF3","FZF3_ATTRIBUTES","FZF4","FZF4_ATTRIBUTES","FZF5","FZF5_ATTRIBUTES","FZF6","FZF6_ATTRIBUTES","FZF7","FZF7_ATTRIBUTES","FZF8","FZF8_ATTRIBUTES","FZF9","FZF9_ATTRIBUTES","HDSD","HDSD_ATTRIBUTES","HTDD","HTDD_ATTRIBUTES","PRCP","PRCP_ATTRIBUTES","PSUN","PSUN_ATTRIBUTES","SNOW","SNOW_ATTRIBUTES","TAVG","TAVG_ATTRIBUTES","TMAX","TMAX_ATTRIBUTES","TMIN","TMIN_ATTRIBUTES","TSUN","TSUN_ATTRIBUTES","WDF1","WDF1_ATTRIBUTES","WDF2","WDF2_ATTRIBUTES","WDF5","WDF5_ATTRIBUTES","WDFG","WDFG_ATTRIBUTES","WDFM","WDFM_ATTRIBUTES","WSF1","WSF1_ATTRIBUTES","WSF2","WSF2_ATTRIBUTES","WSF5","WSF5_ATTRIBUTES","WSFG","WSFG_ATTRIBUTES","WSFM","WSFM_ATTRIBUTES"
"USW00014739","1936","42.36057","-71.00975","3.2","BOSTON LOGAN INTERNATIONAL AIRPORT, MA US","","","    309.1","","     309.1","0","       129","0","        74","0","        17","0","       48","","         7","0","         0","0","       104","0","        38","0","       127","0","        10","0","","","","","","","  -15.6","0,0219,+","   356"," ,0,0214, ","   254"," ,0,0119, ","  53.3"," ,0,0918, ","   36.7","0,0708, ","-1.1","0,1026","-3.9","0,1027","-6.7","0,1116","-6.7","0,1116","-10.0","0,1118","0.0","0,0425","-8.3","0,0308","-8.3","0,0308","-8.3","0,0308","-9.4","0,0307","","","","","   1176.0"," ,0","","","      871"," ,0","      9.88","0","     14.36","0","      5.41","0","","","","","","","","","","","","","","","","","","","","","",""
"USW00014739","1937","42.36057","-71.00975","3.2","BOSTON LOGAN INTERNATIONAL AIRPORT, MA US","","","    406.6","","     406.6","0","       120","0","        82","0","        12","0","        6","","         2","0","         0","0","       107","0","        15","0","       110","0","        16","0","","","","","        20"," ","  -12.2","0,0202, ","    51"," ,0,1229,+","    56"," ,0,1228, ","  73.9"," ,0,1206, ","   37.2","0,0708, ","0.0","0,1017","-2.8","0,1111","-5.0","0,1123","-7.8","0,1211","-8.9","0,1213","0.0","0,0403","-2.2","0,0331","-4.4","0,0328","-6.7","0,0314","-9.4","0,0307","    3180.0","0","    3180.0","0","   1098.8"," ,0","","","      224"," ,0","     10.65","0","     14.88","0","      6.42","0","","","","","","","","","","","","","","","","","","","","","",""
"USW00014739","1938","42.36057","-71.00975","3.2","BOSTON LOGAN INTERNATIONAL AIRPORT, MA US","","","    370.9","","     370.9","0","       147","0","        88","0","        13","0","       34","","         8","0","         0","0","       102","0","        31","0","       119","0","        10","0","","","","","        30"," ","  -16.1","0,0119, ","   279"," ,0,0117, ","   279"," ,0,0113, ","  59.2"," ,0,0721, ","   34.4","0,0816,+","0.0","0,1116","-4.4","0,1124","-4.4","0,1124","-10.6","0,1125","-10.6","0,1125","-2.2","0,0411","-2.2","0,0411","-5.6","0,0311","-13.3","0,0304","-13.3","0,0304","    3307.2","2","    3307.2","0","   1249.4"," ,0","","","     1273"," ,0","     10.62","0","     14.95","0","      6.28","0","","","","","","","","","","","","","","","","","","","","","",""
"USW00014739","1939","42.36057","-71.00975","3.2","BOSTON LOGAN INTERNATIONAL AIRPORT, MA US","","","    388.7","","     388.7","0","       112","0","        68","0","         5","0","       35","","         9","0","         0","0","       114","0","        29","0","       119","0","        10","0","","","","","        17"," ","  -15.6","0,0127,+","   356"," ,0,0313, ","   147"," ,0,1230,+","  64.5"," ,0,1031, ","   35.6","0,0916, ","-0.6","0,1018","-3.3","0,1113","-6.1","0,1114","-7.8","0,1212","-8.9","0,1215","-0.6","0,0417","-3.3","0,0413","-6.1","0,0323","-6.7","0,0322","-12.8","0,0311","    3287.6","6","    3287.6","0","    824.8"," ,0","","","      972"," ,0","      9.91","0","     14.26","0","      5.55","0","","","","","","","","","","","","","","","","","","","","","",""
"USW00014739","1940","42.36057","-71.00975","3.2","BOSTON LOGAN INTERNATIONAL AIRPORT, MA US","","","    274.0","","     274.0","0","       136","0","        73","0","        10","0","       58","","        11","0","         0","0","       120","0","        38","0","       105","0","         7","0","","","","","        14"," ","  -16.7","0,1204, ","   330"," ,0,0215, ","   279"," ,0,0215, ","  37.6"," ,0,0704, ","   35.0","0,0730,+","-0.6","0,1019","-2.2","0,1022","-5.0","0,1125","-8.3","0,1129","-8.9","0,1202","0.0","0,0422","-3.3","0,0414","-7.8","0,0325","-7.8","0,0325","-10.0","0,0324","    3583.9","9","    3583.9","0","    914.6"," ,0","","","     1098"," ,0","      9.15","0","     13.28","0","      5.02","0","","","","","","","","","","","","","","","","","","","","","",""
"USW00014739","1941","42.36057","-71.00975","3.2","BOSTON LOGAN INTERNATIONAL AIRPORT, MA US","","","    402.5","","     402.5","0","       114","0","        53","0","         9","0","       50","","         7","0","         0","0","       110","0","        35","0","       134","0","        18","0","","","","","        14"," ","  -16.1","0,0130,+","   305"," ,0,0126,+","   216"," ,0,0125, ","  44.5"," ,0,0308, ","   35.6","0,0702,+","-1.7","0,1026","-2.2","0,1112","-7.2","0,1201","-7.2","0,1201","-10.6","0,1211","0.0","0,0407","-2.8","0,0331","-5.6","0,0321","-8.9","0,0319","-8.9","0,0319","    3387.9","9","    3387.9","0","    785.0"," ,0","","","      890"," ,0","     10.68","0","     15.32","0","      6.04","0","","","","","","","","","","","","","","","","","","","","","",""
"USW00014739","1942","42.36057","-71.00975","3.2","BOSTON LOGAN INTERNATIONAL AIRPORT, MA US","","","    366.1","","     366.1","0","       124","0","        78","0","        12","0","       24","","        11","0","         4","0","        96","0","        29","0","       123","0","         6","0","","","","","        15"," ","  -23.9","0,1220, ","   127"," ,0,0113,+","   114"," ,0,0104, ","  46.0"," ,0,0119, ","   33.9","0,0714, ","-0.6","0,1112","-5.0","0,1114","-5.0","0,1114","-6.7","0,1115","-10.6","0,1214","0.0","0,0411","-3.3","0,0227","-4.4","0,0226","-7.2","0,0224","-12.2","0,0221","    3037.8","8","    3037.8","0","   1079.2"," ,0","","","      775"," ,0","     10.41","0","     14.66","0","      6.15","0","","","","","","","","","","","","","","","","","","","","","",""
"USW00014739","1943","42.36057","-71.00975","3.2","BOSTON LOGAN INTERNATIONAL AIRPORT, MA US","","","    417.4","","     417.4","0","       135","0","        74","0","         3","0","       37","","        10","0","         3","0","       114","0","        34","0","       119","0","        17","0","","","","","        21"," ","  -25.6","0,0215, ","   457"," ,0,0131, ","   267"," ,0,0128, ","  54.6"," ,0,0306, ","   36.1","0,0625, ","0.0","0,1114","-2.2","0,1118","-4.4","0,1129","-13.3","0,1211","-13.3","0,1211","-2.2","0,0416","-2.2","0,0416","-6.7","0,0407","-6.7","0,0407","-13.3","0,0309","    3439.8","8","    3439.8","0","    820.4"," ,0","","","      998"," ,0","      9.94","0","     14.33","0","      5.55","0","","","","","","","","","","","","","","","","","","","","","",""
"USW00014739","1944","42.36057","-71.00975","3.2","BOSTON LOGAN INTERNATIONAL AIRPORT, MA US","","","    491.7","","     491.7","0","       108","0","        62","0","        11","0","       27","","        11","0","         0","0","       107","0","        25","0","       123","0","        21","0","","","","","        25"," ","  -14.4","0,0109, ","   229"," ,0,0320, ","   259"," ,0,0320, ","  62.5"," ,0,0914, ","   38.3","0,0812, ","-1.1","0,1031","-8.9","0,1202","-8.9","0,1202","-8.9","0,1202","-8.9","0,1202","-1.7","0,0406","-4.4","0,0322","-4.4","0,0322","-12.2","0,0319","-12.2","0,0319","    3368.1","1","    3368.1","0","    942.1"," ,0","","","      905"," ,0","     10.50","0","     14.94","0","      6.06","0","","","","","","","","","","","","","","","","","","","","","",""
"USW00014739","1945","42.36057","-71.00975","3.2","BOSTON LOGAN INTERNATIONAL AIRPORT, MA US","","","    397.2","","     397.2","0","       149","0","        93","0","         9","0","       74","","        18","0","         1","0","        99","0","        35","0","       131","0","         8","0","        38"," ","","","        27"," ","  -20.0","0,0125, ","   406"," ,0,0209, ","   323"," ,0,0208, ","  62.5"," ,0,1206, ","   35.6","0,0615, ","-1.1","0,1123","-2.2","0,1124","-5.6","0,1202","-10.0","0,1211","-10.0","0,1211","0.0","0,0323","-2.8","0,0312","-4.4","0,0308","-8.9","0,0220","-8.9","0,0220","    3222.5","5","    3222.5","0","   1202.6"," ,0","","","     2050"," ,0","     10.54","0","     14.96","0","      6.11","0","","","","","","","","","","","","","","","","","","","","","",""
"USW00014739","1946","42.36057","-71.00975","3.2","BOSTON LOGAN INTERNATIONAL AIRPORT, MA US","","","    339.3","","     339.3","0","       114","0","        70","0","        10","0","       34","","         7","0","         1","0","        88","0","        22","0","       129","0","        10","0","       116"," ","","","        13"," ","  -19.4","0,0120, ","   178"," ,0,0221,+","   170"," ,0,0220, ","  55.6"," ,0,0827, ","   35.6","0,0719, ","-0.6","0,1116","-2.2","0,1124","-11.1","0,1202","-11.1","0,1202","-11.1","0,1202","-4.4","0,0401","-4.4","0,0401","-4.4","0,0401","-11.7","0,0226","-11.7","0,0226","    3220.2","2","    3220.2","0","    967.8"," ,0","","","      665"," ,0","     10.94","0","     15.69","0","      6.19","0","","","","","","","","","","","","","","","","","","","","","",""
"USW00014739","1947","42.36057","-71.00975","3.2","BOSTON LOGAN INTERNATIONAL AIRPORT, MA US","","","    482.1","","     482.1","0","       103","0","        64","0","        10","0","       36","","        11","0","         0","0","       116","0","        27","0","       140","0","        10","0","       116"," ","","","        13"," ","  -13.3","0,0220,+","   254"," ,0,1227, ","   216"," ,0,0221, ","  79.0"," ,0,1112, ","   37.2","0,0813, ","-0.6","0,1113","-3.3","0,1115","-5.0","0,1201","-7.8","0,1205","-11.1","0,1214","-1.1","0,0428","-3.3","0,0331","-5.0","0,0327","-8.9","0,0224","-8.9","0,0224","    3082.8","8","    3082.8","0","    963.2"," ,0","","","     1078"," ,0","     10.68","0","     15.28","0","      6.08","0","","","","","","","","","","","","","","","","","","","","","",""
"USW00014739","1948","42.36057","-71.00975","3.2","BOSTON LOGAN INTERNATIONAL AIRPORT, MA US","","","    415.1","","     415.1","0","       133","0","        90","0","         5","0","       77","","        22","0","         1","0","        99","0","        40","0","       123","0","        12","0","       127"," ","","","        26"," ","  -19.4","0,0130, ","   533"," ,X,0125, ","   185"," ,0,0118, ","  46.0"," ,0,1120, ","   37.8","0,0827, ","-1.1","0,1129","-2.2","0,1130","-5.0","0,1219","-10.6","0,1224","-10.6","0,1224","0.0","0,0418","-2.8","0,0329","-7.8","0,0314","-7.8","0,0314","-9.4","0,0313","    3479.2","2","    3479.2","0","   1029.9"," ,0","","","     1724"," ,0","     10.41","0","     14.89","0","      5.94","0","","","","","","","","","","","","","","","","","","","","","",""
"USW00014739","1949","42.36057","-71.00975","3.2","BOSTON LOGAN INTERNATIONAL AIRPORT, MA US","","","    545.3","","     545.3","0","       123","0","        72","0","         3","0","       26","","        11","0","         0","0","        84","0","        16","0","       132","0","        22","0","        93"," ","","","        20"," ","  -13.9","0,0212, ","   178"," ,0,0301, ","   165"," ,0,0126, ","  53.6"," ,0,0901, ","   38.3","0,0810, ","0.0","0,1106","-6.1","0,1122","-6.1","0,1122","-8.3","0,1126","-9.4","0,1127","-3.3","0,0321","-3.3","0,0321","-10.6","0,0320","-10.6","0,0320","-10.6","0,0320","    2779.5","5","    2779.5","0","    799.7"," ,0","","","      871"," ,0","     12.02","0","     16.64","0","      7.40","0","","","","","","","","","","","","","","","","","","","","","",""
"USW00014739","1950","42.36057","-71.00975","3.2","BOSTON LOGAN INTERNATIONAL AIRPORT, MA US","","","    364.7","","     364.7","0","       122","0","        75","0","         8","0","       33","","        12","0","         2","0","       102","0","        20","0","       124","0","         8","0","       112"," ","","","        15"," ","  -18.3","0,0221, ","   152"," ,0,0223, ","   150"," ,0,0222, ","  51.8"," ,0,1121, ","   33.9","0,0731,+","-0.6","0,1121","-2.8","0,1123","-5.0","0,1218","-8.3","0,1220","-11.7","0,1226","-1.1","0,0410","-2.2","0,0407","-6.7","0,0319","-6.7","0,0319","-10.0","0,0310","    3113.4","4","    3113.4","0","    830.9"," ,0","","","      789"," ,0","     10.68","0","     15.27","0","      6.10","0","","","","","","","","","       113","X","","","","","","","","","      38.4","X","",""
"USW00014739","1951","42.36057","-71.00975","3.2","BOSTON LOGAN INTERNATIONAL AIRPORT, MA US","","","    374.8","","     374.8","0","       141","0","        83","0","        12","0","       24","","        12","0","         0","0","        83","0","        20","0","       125","0","         6","0","       138"," ","","","        19"," ","  -17.2","0,0131, ","   152"," ,0,0108,+","   160"," ,0,0107, ","  43.9"," ,0,0524, ","   33.3","0,0726,+","0.0","0,1104","-2.2","0,1106","-5.0","0,1120","-7.8","0,1127","-8.9","0,1128","-3.9","0,0327","-3.9","0,0327","-5.6","0,0310","-7.2","0,0216","-13.3","0,0210","    2891.0","0","    2891.0","0","   1193.8"," ,0","","","      901"," ,0","     11.21","0","     15.63","0","      6.80","0","","","","","","","","","","","","","","","","","","","","","",""
"USW00014739","1952","42.36057","-71.00975","3.2","BOSTON LOGAN INTERNATIONAL AIRPORT, MA US","","","    500.2","","     500.2","0","       126","0","        76","0","         9","0","       31","","         9","0","         0","0","        88","0","        13","0","       127","0","        17","0","       121"," ","","","        27"," ","  -17.2","0,0130, ","   178"," ,0,0228,+","   119"," ,0,0103, ","  63.2"," ,0,0805, ","   37.8","0,0723,+","-0.6","0,1021","-2.2","0,1109","-6.7","0,1201","-6.7","0,1201","-12.8","0,1228","-3.9","0,0317","-3.9","0,0317","-5.6","0,0316","-8.3","0,0302","-10.0","0,0214","    3050.1","1","    3050.1","0","   1031.7"," ,0","","","      659"," ,0","     11.39","0","     15.65","0","      7.13","0","","","","","","","","","","","","","","","","","","","","","",""
"USW00014739","1953","42.36057","-71.00975","3.2","BOSTON LOGAN INTERNATIONAL AIRPORT, MA US","","","    449.2","","     449.2","0","       130","0","        78","0","        20","0","       22","","         7","0","         0","0","        74","0","        13","0","       135","0","        15","0","       138"," ","","","        16"," ","  -12.2","0,0311,+","   152"," ,0,0109, ","   213"," ,0,0109, ","  64.5"," ,0,1107, ","   37.8","0,0902, ","0.0","0,1105","-5.6","0,1216","-5.6","0,1216","-9.4","0,1217","-9.4","0,1217","0.0","0,0414","-12.2","0,0311","-12.2","0,0311","-12.2","0,0311","-12.2","0,0311","    2932.0","0","    2932.0","0","   1466.9"," ,0","","","      699"," ,0","     11.98","0","     16.40","0","      7.56","0","","","","","","","","","        45","X","","","","","","","","","      34.9","X","",""
"USW00014739","1954","42.36057","-71.00975","3.2","BOSTON LOGAN INTERNATIONAL AIRPORT, MA US","","","    356.7","","     356.7","0","       159","0","        88","0","        15","0","       30","","         9","0","         1","0","        91","0","        23","0","       118","0","        10","0","       140"," ","","","        23"," ","  -18.3","0,0213, ","   279"," ,0,0115,+","   152"," ,0,1221, "," 143.0"," ,0,0911, ","   35.0","0,0731,+","0.0","0,1109","-2.2","0,1110","-4.4","0,1202","-7.2","0,1204","-8.9","0,1223","-1.7","0,0405","-8.3","0,0404","-8.3","0,0404","-8.3","0,0404","-9.4","0,0214","    2922.4","4","    2922.4","0","   1583.6"," ,0","","","      861"," ,0","     10.78","0","     15.07","0","      6.48","0","","","","","","","","","       135","X","","","","","","","","","      44.7","X","",""
"USW00014739","1955","42.36057","-71.00975","3.2","BOSTON LOGAN INTERNATIONAL AIRPORT, MA US","","","    529.6","","     529.6","0","       124","0","        72","0","        16","0","       18","","         5","0","         3","0","       103","0","        32","0","       131","0","        28","0","       145"," ","","","        20"," ","  -18.9","0,1221, ","   102"," ,0,0203,+","   107"," ,0,0304, "," 179.3"," ,0,0819, ","   37.8","0,0805, ","-2.2","0,1119","-2.2","0,1119","-5.6","0,1129","-6.7","0,1206","-9.4","0,1219","-3.3","0,0329","-3.3","0,0329","-8.3","0,0308","-8.3","0,0308","-11.1","0,0214","    3076.9","9","    3076.9","0","   1436.2"," ,0","","","      491"," ,0","     10.77","0","     15.01","0","      6.53","0","","","","","","","","","       293","X","","","","","","","","","      29.8","X","",""
"USW00014739","1956","42.36057","-71.00975","3.2","BOSTON LOGAN INTERNATIONAL AIRPORT, MA US","","","    389.4","","     389.4","0","       142","0","        87","0","        10","0","       51","","        18","0","         0","0","        96","0","        20","0","       106","0","        11","0","       141"," ","","","        17"," ","  -15.0","0,0101, ","   457"," ,0,0320,+","   335"," ,0,0319, ","  59.2"," ,0,1023, ","   36.1","0,0613, ","-3.3","0,1110","-3.3","0,1110","-4.4","0,1123","-6.7","0,1124","-13.3","0,1230","0.0","0,0412","-2.8","0,0329","-4.4","0,0328","-10.6","0,0325","-10.6","0,0325","    3457.4","4","    3457.4","0","   1204.3"," ,0","","","     1848"," ,0","     10.35","0","     14.56","0","      6.14","0","","","","","","","","","       293","X","","","","","","","","","      37.5","X","",""
"USW00014739","1957","42.36057","-71.00975","3.2","BOSTON LOGAN INTERNATIONAL AIRPORT, MA US","","","    454.1","","     454.1","0","       111","0","        69","0","         4","0","       32","","         9","0","         2","0","        91","0","        20","0","       136","0","        11","0","       106"," ","","","        15"," ","  -24.4","0,0115, ","   305"," ,0,0108, ","   241"," ,0,0107, ","  48.3"," ,0,1226, ","   36.7","0,0720, ","-1.1","0,1110","-3.9","0,1111","-7.2","0,1126","-7.2","0,1126","","","-0.6","0,0415","-4.4","0,0311","-4.4","0,0311","-6.7","0,0305","-10.6","0,0212","    3144.7","7","    3144.7","0","    862.3"," ,0","","","      919"," ,0","     11.38","0","     15.87","0","      6.88","0","","","","","","","","","       180","X","","","","","","","","","      26.2","X","",""
"USW00014739","1958","42.36057","-71.00975","3.2","BOSTON LOGAN INTERNATIONAL AIRPORT, MA US","","","    344.6","","     344.6","0","       149","0","        93","0","        19","0","       37","","        12","0","         1","0","        91","0","        37","0","       111","0","         5","0","       141"," ","","","        20"," ","  -20.0","0,0218, ","   483"," ,0,0218,+","   490"," ,0,0216, ","  67.1"," ,0,0216, ","   33.9","0,0702, ","0.0","0,1122","-3.3","0,1128","-7.8","0,1130","-7.8","0,1130","-9.4","0,1210","-1.1","0,0409","-2.8","0,0309","-8.3","0,0223","-8.3","0,0223","-14.4","0,0219","    3068.7","7","    3068.7","0","   1567.2"," ,0","","","     1255"," ,0","      9.98","0","     13.99","0","      5.97","0","","","","","","","","","       338","X","","","","","","","","","      29.8","X","",""
"USW00014739","1959","42.36057","-71.00975","3.2","BOSTON LOGAN INTERNATIONAL AIRPORT, MA US","","","    523.2","","     523.2","0","       146","0","        91","0","        13","0","       25","","        11","0","         1","0","        94","0","        27","0","       132","0","        22","0","       149"," ","","","        21"," ","  -17.8","0,0209, ","   127"," ,0,0314,+","   163"," ,0,0312, ","  59.9"," ,0,0711, ","   35.6","0,0816,+","-0.6","0,1117","-5.6","0,1118","-5.6","0,1118","-7.2","0,1220","-10.0","0,1221","0.0","0,0330","-5.0","0,0329","-5.0","0,0329","-7.8","0,0323","-11.1","0,0225","    3353.8","8","    3353.8","0","   1306.4"," ,0","","","      906"," ,0","     10.98","0","     15.42","0","      6.53","0","","","","","","","","","       225","X","","","","","","","","","      25.2","X","",""
"USW00014739","1960","42.36057","-71.00975","3.2","BOSTON LOGAN INTERNATIONAL AIRPORT, MA US","","","    405.1","","     405.1","0","       114","0","        67","0","        15","0","       50","","         9","0","         0","0","       109","0","        20","0","       114","0","         8","0","       130"," ","","","        12"," ","  -13.9","0,1213, ","   483"," ,0,0305, ","   330"," ,0,1212, ","  74.9"," ,0,0912, ","   33.9","0,0908,+","-0.6","0,1022","-2.2","0,1108","-5.6","0,1202","-6.7","0,1208","-10.6","0,1209","-0.6","0,0411","-10.6","0,0326","-10.6","0,0326","-10.6","0,0326","-10.6","0,0326","    3084.9","9","    3084.9","0","   1130.4"," ,0","","","     1316"," ,0","     10.78","0","     14.97","0","      6.59","0","","","","","","","","","       180","X","","","","","","","","","      35.5","X","",""
"USW00014739","1961","42.36057","-71.00975","3.2","BOSTON LOGAN INTERNATIONAL AIRPORT, MA US","","","    453.1","","     453.1","0","       122","0","        80","0","        15","0","       51","","        13","0","         2","0","       105","0","        33","0","       132","0","        14","0","       155"," ","","","        14"," ","  -20.0","0,0202, ","   457"," ,0,0206,+","   366"," ,0,0204, ","  73.7"," ,0,0925, ","   35.0","0,0613, ","-1.7","0,1110","-2.2","0,1128","-10.0","0,1215","-10.0","0,1215","-10.0","0,1215","0.0","0,0413","-2.8","0,0322","-6.7","0,0321","-6.7","0,0321","-8.9","0,0318","    3351.7","7","    3351.7","0","   1217.0"," ,0","","","     1450"," ,0","     10.55","0","     14.73","0","      6.38","0","","","","","","","","","       293","X","","","","","","","","","      27.8","X","",""
"USW00014739","1962","42.36057","-71.00975","3.2","BOSTON LOGAN INTERNATIONAL AIRPORT, MA US","","","    315.0","","     315.0","0","       124","0","        70","0","        11","0","       43","","        11","0","         3","0","       101","0","        33","0","       121","0","         5","0","       141"," ","","","        19"," ","  -20.0","0,1231, ","   279"," ,0,0220, ","   208"," ,0,0219, ","  76.2"," ,0,1006, ","   33.3","0,0617, ","-0.6","0,1030","-2.8","0,1119","-6.7","0,1211","-6.7","0,1211","-10.0","0,1213","0.0","0,0416","-2.2","0,0311","-10.6","0,0304","-10.6","0,0304","-10.6","0,0304","    3187.4","4","    3187.4","0","   1099.4"," ,0","","","      980"," ,0","      9.90","0","     14.30","0","      5.50","0","","","","","","","","","       315","X","","","","","","","","","      29.3","X","",""
"USW00014739","1963","42.36057","-71.00975","3.2","BOSTON LOGAN INTERNATIONAL AIRPORT, MA US","","","    422.7","","     422.7","0","       113","0","        74","0","         7","0","       47","","        12","0","         1","0","       108","0","        42","0","       138","0","        16","0","       119"," ","","","        19"," ","  -19.4","0,0208, ","   229"," ,0,0302, ","   127"," ,0,0301,+","  59.4"," ,0,1129, ","   36.7","0,0702,+","-1.1","0,1125","-3.3","0,1201","-6.1","0,1211","-6.7","0,1212","-10.0","0,1215","-2.2","0,0405","-2.2","0,0405","-4.4","0,0311","-11.7","0,0227","-11.7","0,0227","    3324.5","5","    3324.5","0","    885.8"," ,0","","","     1080"," ,0","     10.56","0","     15.13","0","      5.98","0","","","","","","","","","","","","","","","","","","","","","",""
"USW00014739","1964","42.36057","-71.00975","3.2","BOSTON LOGAN INTERNATIONAL AIRPORT, MA US","","","    283.1","","     283.1","0","       127","0","        65","0","        10","0","       53","","        10","0","         0","0","       104","0","        27","0","       120","0","         9","0","       160"," ","","","        20"," ","  -12.2","0,0115,+","   330"," ,0,0220, ","   231"," ,0,0219, ","  43.4"," ,0,1227, ","   36.1","0,0701, ","0.0","0,1119","-2.8","0,1122","-4.4","0,1123","-6.7","0,1201","-10.0","0,1207","0.0","0,0406","-3.3","0,0405","-4.4","0,0401","-7.2","0,0311","-10.6","0,0225","    3223.5","5","    3223.5","0","    928.0"," ,0","","","     1458"," ,0","     10.08","0","     14.46","0","      5.69","0","","","","","","","","","","","","","","","","","","","","","",""
"USW00014739","1965","42.36057","-71.00975","3.2","BOSTON LOGAN INTERNATIONAL AIRPORT, MA US","","","    357.8","","     357.8","0","       118","0","        55","0","         4","0","       39","","        10","0","         1","0","       109","0","        31","0","       110","0","         9","0","       144"," ","        11"," ","        19"," ","  -20.0","0,0115, ","   203"," ,0,0119, ","   175"," ,0,0116, ","  47.5"," ,0,0225, ","   33.9","0,0807,+","0.0","0,1029","-3.3","0,1102","-5.0","0,1208","-7.8","0,1219","-10.6","0,1220","-1.1","0,0403","-5.6","0,0401","-5.6","0,0401","-7.2","0,0322","-8.9","0,0227","    3497.4","4","    3497.4","0","    602.6"," ,0","      61.9","X","     1032"," ,0","      9.77","0","     14.18","0","      5.36","0","   167778","X","","","","","","","       270","X","       315","X","","","","","","","      25.7","X","      19.2","X"
"USW00014739","1966","42.36057","-71.00975","3.2","BOSTON LOGAN INTERNATIONAL AIRPORT, MA US","","","    418.3","","     418.3","0","       122","0","        65","0","         8","0","       44","","        13","0","         0","0","        90","0","        22","0","       116","0","        10","0","       107"," ","        18"," ","        20"," ","  -16.1","0,0220, ","   254"," ,0,0130, ","   229"," ,0,0225, ","  41.9"," ,0,0213, ","   36.1","0,0703, ","0.0","0,1031","-2.8","0,1120","-4.4","0,1202","-8.3","0,1203","-10.0","0,1204","-5.0","0,0329","-5.0","0,0329","-5.0","0,0329","-10.6","0,0222","-10.6","0,0222","    3267.2","2","    3267.2","0","    915.1"," ,0","      62.1","X","     1314"," ,0","     10.80","0","     14.91","0","      6.69","0","   168264","X","","","","","","","        45","X","        45","X","","","","","","","      29.8","X","      21.0","X"
"USW00014739","1967","42.36057","-71.00975","3.2","BOSTON LOGAN INTERNATIONAL AIRPORT, MA US","","","    336.7","","     336.7","0","       135","0","        88","0","        13","0","       48","","        14","0","         1","0","       103","0","        22","0","       111","0","         3","0","       136"," ","        19"," ","        20"," ","  -19.4","0,0213, ","   254"," ,0,0316, ","   251"," ,0,0307, ","  66.8"," ,0,0525, ","   34.4","0,0616, ","-1.1","0,1109","-5.0","0,1115","-5.0","0,1115","-6.7","0,1201","","","0.0","0,0413","-2.8","0,0412","-4.4","0,0321","-6.7","0,0320","-14.4","0,0319","    3332.0","0","    3332.0","0","   1209.3"," ,0","      56.4","X","     1706"," ,0","      9.69","0","     13.65","0","      5.74","0","   151542","X","","","","","","","        45","X","        45","X","","","","","","","      31.4","X","      22.4","X"
"USW00014739","1968","42.36057","-71.00975","3.2","BOSTON LOGAN INTERNATIONAL AIRPORT, MA US","","","    371.6","","     371.6","0","       118","0","        71","0","        12","0","       38","","        10","0","         5","0","        94","0","        35","0","       103","0","        10","0","       129"," ","        21"," ","        14"," ","  -20.0","0,0109,+","   305"," ,0,0108,+","   168"," ,0,0107, ","  88.6"," ,0,0318, ","   36.7","0,0716, ","0.0","0,1130","-3.3","0,1208","-12.2","0,1209","-12.2","0,1209","-12.2","0,1209","0.0","0,0406","-3.9","0,0315","-5.6","0,0314","-6.7","0,0307","-11.1","0,0304","    3406.4","4","    3406.4","0","   1074.5"," ,0","      61.1","X","      849"," ,0","     10.21","0","     14.00","0","      6.43","0","   165300","X","","","","","","","        45","X","        45","X","","","","","","","      25.7","X","      24.1","X"
"USW00014739","1969","42.36057","-71.00975","3.2","BOSTON LOGAN INTERNATIONAL AIRPORT, MA US","","","    402.4","","     402.4","0","       119","0","        81","0","        14","0","       46","","        13","0","         0","0","       104","0","        27","0","       116","0","        11","0","       131"," ","        17"," ","        17"," ","  -13.9","0,0128, ","   432"," ,0,0227,+","   348"," ,0,0224, ","  89.2"," ,0,1226, ","   35.0","0,0901,+","-1.1","0,1023","-4.4","0,1121","-4.4","0,1121","-7.2","0,1218","-9.4","0,1224","-0.6","0,0403","-3.9","0,0401","-5.6","0,0312","-9.4","0,0306","-9.4","0,0306","    3173.3","3","    3173.3","0","   1214.1"," ,0","      57.5","X","     1551"," ,0","     10.64","0","     14.43","0","      6.86","0","   156510","X","","","","","","","       270","X","       270","X","","","","","","","      26.2","X","      22.8","X"
"USW00014739","1970","42.36057","-71.00975","3.2","BOSTON LOGAN INTERNATIONAL AIRPORT, MA US","","","    435.9","","     435.9","0","       125","0","        77","0","         9","0","       59","","        18","0","         0","0","       104","0","        40","0","       132","0","        14","0","       142"," ","        13"," ","        25"," ","  -16.1","0,0122, ","   178"," ,0,0330, ","   185"," ,0,0329, ","  71.6"," ,0,1217, ","   34.4","0,0816,+","-2.2","0,1124","-2.2","0,1124","-4.4","0,1204","-8.9","0,1207","-8.9","0,1207","-1.1","0,0406","-2.2","0,0401","-6.1","0,0330","-7.2","0,0309","-13.9","0,0226","    3241.7","7","    3241.7","0","   1065.0"," ,0","      58.1","X","     1631"," ,0","     10.47","0","     14.72","0","      6.23","0","   157428","X","","","","","","","       180","X","       180","X","","","","","","","      30.8","X","      25.5","X"
"USW00014739","1971","42.36057","-71.00975","3.2","BOSTON LOGAN INTERNATIONAL AIRPORT, MA US","","","    455.8","","     455.8","0","       119","0","        76","0","         7","0","       46","","        17","0","         0","0","       116","0","        23","0","       131","0","        15","0","       125"," ","        24"," ","        16"," ","  -16.7","0,0128,+","   203"," ,0,0102, ","   124"," ,0,0101, ","  65.8"," ,0,1125, ","   34.4","0,0709,+","-2.2","0,1108","-2.2","0,1108","-4.4","0,1109","-6.7","0,1202","-8.9","0,1218","-1.1","0,0417","-3.3","0,0326","-5.0","0,0325","-6.7","0,0217","-13.3","0,0204","    3422.5","5","    3422.5","0","    906.3"," ,0","      61.8","X","     1022"," ,0","     10.67","0","     15.02","0","      6.32","0","   168078","X","","","","","","","       225","X","       225","X","","","","","","","      31.9","X","      24.6","X"
"USW00014739","1972","42.36057","-71.00975","3.2","BOSTON LOGAN INTERNATIONAL AIRPORT, MA US","","","    360.0","","     360.0","0","       154","0","        98","0","        14","0","       39","","        14","0","         1","0","       107","0","        24","0","       115","0","         9","0","       164"," ","        28"," ","        22"," ","  -17.8","0,0223, ","   229"," ,0,0227, ","   152"," ,0,0305, ","  80.0"," ,0,0903, ","   34.4","0,0712, ","0.0","0,1020","-2.2","0,1115","-5.6","0,1122","-8.3","0,1123","-10.0","0,1217","0.0","0,0409","-3.9","0,0408","-5.0","0,0320","-7.2","0,0311","-17.8","0,0223","    3107.7","7","    3107.7","0","   1349.7"," ,0","      48.9","X","     1035"," ,0","     10.21","0","     14.34","0","      6.09","0","   134820","X","","","","","","","       135","X","       270","X","","","","","","","      28.3","X","      21.9","X"
"USW00014739","1973","42.36057","-71.00975","3.2","BOSTON LOGAN INTERNATIONAL AIRPORT, MA US","","","    485.8","","     485.8","0","       125","0","        78","0","         9","0","        3","","         3","0","         0","0","        76","0","        21","0","       123","0","        19","0","       136"," ","        29"," ","        17"," ","  -17.2","0,0108, ","    51"," ,0,0104, ","    43"," ,0,0104, ","  67.1"," ,0,1217, ","   37.2","0,0830, ","-1.1","0,1110","-2.2","0,1202","-7.8","0,1218","-7.8","0,1218","-11.7","0,1219","-0.6","0,0414","-2.2","0,0321","-10.0","0,0228","-10.0","0,0228","-10.0","0,0228","    3107.1","1","    3107.1","0","   1086.6"," ,0","      55.9","X","      163"," ,0","     11.66","0","     15.84","0","      7.48","0","   151692","X","","","","","","","","","       225","X","","","","","","","","","      21.9","X"
"USW00014739","1974","42.36057","-71.00975","3.2","BOSTON LOGAN INTERNATIONAL AIRPORT, MA US","","","    347.2","","     347.2","0","       132","0","        79","0","         9","0","       39","","        11","0","         2","0","        97","0","        24","0","       112","0","         7","0","       128"," ","        19"," ","        23"," ","  -19.4","0,0118, ","   229"," ,0,0204,+","   282"," ,0,0202, ","  67.1"," ,0,1016, ","   35.0","0,0704, ","-1.1","0,1019","-2.2","0,1122","-5.0","0,1127","-8.3","0,1226","","","-2.8","0,0410","-2.8","0,0410","-9.4","0,0329","-9.4","0,0329","-9.4","0,0329","    3040.3","3","    3040.3","0","   1022.8"," ,0","      59.5","X","     1079"," ,0","     10.51","0","     14.77","0","      6.24","0","   161730","X","","","","","","","       315","X","       315","X","","","","","","","      30.8","X","      27.3","X"
"USW00014739","1975","42.36057","-71.00975","3.2","BOSTON LOGAN INTERNATIONAL AIRPORT, MA US","","","    464.2","","     464.2","0","       125","0","        80","0","        13","0","       34","","         8","0","         0","0","        81","0","        16","0","       131","0","        15","0","       142"," ","        20"," ","         7"," ","  -15.6","0,1224, ","   356"," ,0,1222, ","   257"," ,0,1221, ","  57.4"," ,0,0830, ","   38.9","0,0802, ","0.0","0,1202","-3.3","0,1204","-5.0","0,1205","-7.8","0,1218","-12.8","0,1219","0.0","0,0410","-6.1","0,0328","-6.1","0,0328","-8.3","0,0327","-10.0","0,0309","    3093.2","2","    3093.2","0","   1163.5"," ,0","      60.0","X","     1054"," ,0","     11.57","0","     15.79","0","      7.35","0","   162540","X","","","","","","","       270","X","       270","X","","","","","","","      24.7","X","      17.9","X"
"USW00014739","1976","42.36057","-71.00975","3.2","BOSTON LOGAN INTERNATIONAL AIRPORT, MA US","","","    482.9","","     482.9","0","       125","0","        74","0","         7","0","       33","","        13","0","         2","0","       108","0","        32","0","       137","0","        17","0","       130"," ","        29"," ","        22"," ","  -20.0","0,0123, ","   305"," ,0,1231,+","   287"," ,0,1229, ","  57.2"," ,0,0809, ","   35.0","0,0624, ","0.0","0,1026","-2.2","0,1027","-5.0","0,1130","-6.7","0,1201","-12.8","0,1203","-4.4","0,0412","-4.4","0,0412","-4.4","0,0412","-7.8","0,0318","-9.4","0,0207","    2755.9","9","    2755.9","0","    933.9"," ,0","      64.3","X","     1153"," ,0","     11.20","0","     15.88","0","      6.52","0","   175866","X","","","","","","","       315","X","       225","X","","","","","","","      27.8","X","      20.6","X"
"USW00014739","1977","42.36057","-71.00975","3.2","BOSTON LOGAN INTERNATIONAL AIRPORT, MA US","","","    483.4","","     483.4","0","       131","0","        87","0","        14","0","       63","","        11","0","         0","0","        89","0","        32","0","       138","0","        18","0","       127"," ","        22"," ","        24"," ","  -16.1","0,0118, ","   457"," ,0,0110,+","   351"," ,0,0107, ","  58.2"," ,0,0509, ","   38.9","0,0721, ","0.0","0,1126","-2.2","0,1206","-4.4","0,1207","-7.2","0,1208","-10.0","0,1210","0.0","0,0411","-3.3","0,0409","-8.9","0,0222","-8.9","0,0222","-8.9","0,0222","    3223.3","3","    3223.3","0","   1122.7"," ,0","      60.7","X","     1180"," ,0","     11.40","0","     15.69","0","      7.11","0","   166932","X","","","","","","","        45","X","        45","X","","","","","","","      28.3","X","      26.8","X"
"USW00014739","1978","42.36057","-71.00975","3.2","BOSTON LOGAN INTERNATIONAL AIRPORT, MA US","","","    358.5","","     358.5","0","       116","0","        69","0","         8","0","       78","","        16","0","         0","0","       109","0","        34","0","       113","0","         9","0","       127"," ","        20"," ","        11"," ","  -16.1","0,0204, ","   737"," ,0,0208, ","   533"," ,0,0120, ","  52.1"," ,0,0120, ","   37.2","0,0723, ","0.0","0,1113","-3.3","0,1125","-7.8","0,1126","-7.8","0,1126","","","-1.7","0,0403","-4.4","0,0325","-4.4","0,0325","-6.7","0,0308","-8.9","0,0305","    3151.7","7","    3151.7","0","    956.9"," ,0","      63.9","X","     2267"," ,0","     10.19","0","     14.32","0","      6.07","0","   172770","X","","","","","","","        45","X","        45","X","","","","","","","      35.5","X","      27.3","X"
"USW00014739","1979","42.36057","-71.00975","3.2","BOSTON LOGAN INTERNATIONAL AIRPORT, MA US","","","    427.6","","     427.6","0","       131","0","        80","0","        13","0","       20","","         7","0","         6","0","        80","0","        30","0","       128","0","        12","0","       155"," ","        33"," ","        19"," ","  -19.4","0,0211, ","   127"," ,0,0119, ","   107"," ,0,0117, ","  64.0"," ,0,0121, ","   35.0","0,0616,+","0.0","0,1010","-3.3","0,1202","-4.4","0,1203","-8.9","0,1217","-8.9","0,1217","-1.1","0,0328","-2.8","0,0318","-7.2","0,0316","-7.2","0,0316","-10.6","0,0219","    3156.2","2","    3156.2","0","   1123.0"," ,0","      55.6","X","      497"," ,0","     11.15","0","     15.33","0","      6.96","0","   151098","X","","","","","","","       270","X","        90","X","","","","","","","      29.3","X","      20.1","X"
"USW00014739","1980","42.36057","-71.00975","3.2","BOSTON LOGAN INTERNATIONAL AIRPORT, MA US","","","    493.0","","     493.0","0","       105","0","        62","0","         6","0","       22","","         5","0","         2","0","       115","0","        37","0","       117","0","        22","0","       129"," ","        12"," ","        20"," ","  -21.7","0,1225, ","   127"," ,0,0218,+","   135"," ,0,0216, ","  46.7"," ,0,1025, ","   37.2","0,0721, ","-0.6","0,1103","-2.2","0,1109","-6.7","0,1204","-6.7","0,1204","-10.0","0,1215","0.0","0,0319","-6.7","0,0316","-6.7","0,0316","-6.7","0,0316","-10.0","0,0303","    3155.7","7","    3155.7","0","    746.9"," ,0","      60.5","X","      470"," ,0","     10.35","0","     14.74","0","      5.95","0","   163518","X","","","","","","","","","       135","X","","","","","","","","","      21.5","X"
"USW00014739","1981","42.36057","-71.00975","3.2","BOSTON LOGAN INTERNATIONAL AIRPORT, MA US","","","    456.8","","     456.8","0","       120","0","        74","0","         7","0","       47","","        10","0","         3","0","        95","0","        26","0","       131","0","        11","0","       130"," ","        21"," ","        15"," ","  -20.0","0,0105,+","   305"," ,0,1207, ","   302"," ,0,1206, ","  54.6"," ,0,0225, ","   37.2","0,0709, ","-1.7","0,1113","-3.3","0,1125","-6.7","0,1219","-6.7","0,1219","-10.0","0,1221","0.0","0,0422","-3.9","0,0320","-6.1","0,0319","-6.7","0,0318","-9.4","0,0213","    3271.0","0","    3271.0","0","    907.5"," ,0","      55.5","X","      811"," ,0","     10.84","0","     15.05","0","      6.63","0","   151872","X","","","","","","","       180","X","","","","","","","","","      27.8","X","",""
"USW00014739","1982","42.36057","-71.00975","3.2","BOSTON LOGAN INTERNATIONAL AIRPORT, MA US","","","    347.3","","     347.3","0","       119","0","        74","0","        12","0","       35","","        16","0","         1","0","        96","0","        32","0","       125","0","         7","0","       128"," ","        26"," ","        12"," ","  -18.9","0,0118, ","   305"," ,0,0407, ","   274"," ,0,0406, ","  74.7"," ,0,0605, ","   36.7","0,0719,+","0.0","0,1111","-2.2","0,1116","-11.1","0,1209","-11.1","0,1209","-11.1","0,1209","-1.7","0,0409","-3.9","0,0408","-8.9","0,0407","-8.9","0,0407","-8.9","0,0407","    3386.9","9","    3386.9","0","   1133.7"," ,0","      56.4","X","     1263"," ,0","     10.55","0","     14.80","0","      6.30","0","   153870","X","","","","","","","","","       270","X","","","","","","","","","      22.4","X"
"USW00014739","1983","42.36057","-71.00975","3.2","BOSTON LOGAN INTERNATIONAL AIRPORT, MA US","","","    629.2","","     629.2","0","       134","0","        82","0","        15","0","       25","","         7","0","         2","0","        88","0","        25","0","       130","0","        30","0","       130"," ","        16"," ","        18"," ","  -17.8","0,1225,+","   457"," ,0,0213, ","   292"," ,0,0212, ","  70.1"," ,0,1125, ","   37.2","0,0911,+","0.0","0,1030","-2.2","0,1114","-11.1","0,1219","-11.1","0,1219","-11.1","0,1219","-1.7","0,0331","-3.3","0,0330","-4.4","0,0326","-6.7","0,0214","-10.0","0,0213","    2888.6","6","    2888.6","0","   1362.2"," ,0","      59.0","X","      758"," ,0","     11.76","0","     15.97","0","      7.54","0","   161040","X","","","","","","","       270","X","       180","X","","","","","","","      26.7","X","      21.0","X"
"USW00014739","1984","42.36057","-71.00975","3.2","BOSTON LOGAN INTERNATIONAL AIRPORT, MA US","       5.0","X","    496.2","","     496.2","0","       122","0","        71","0","        16","0","       25","","        12","0","         0","0","        90","0","        30","0","       127","0","        18","0","       142"," ","        35"," ","        11"," ","  -17.2","0,0122, ","   305"," ,0,0123,+","   231"," ,0,0329, "," 104.6"," ,0,0531, ","   36.7","0,0715,+","-1.7","0,1103","-2.8","0,1119","-6.7","0,1207","-6.7","0,1207","-10.6","0,1227","-0.6","0,0422","-3.3","0,0315","-8.9","0,0313","-8.9","0,0313","-8.9","0,0313","    3246.0","0","    3246.0","0","   1276.0"," ,0","","","     1122"," ,0","     10.89","0","     15.05","0","      6.72","0","   147427","X","","","","","","","","","        45","X","","","","","","","","","      20.1","X"
"USW00014739","1985","42.36057","-71.00975","3.2","BOSTON LOGAN INTERNATIONAL AIRPORT, MA US","       5.1","X","    351.9","","     351.9","0","       126","0","        78","0","         7","0","       34","","        11","0","         0","0","       109","0","        30","0","       124","0","         4","0","       148"," ","        23"," ","        17"," ","  -14.4","0,0121, ","   229"," ,0,0207, ","   145"," ,0,0206, ","  90.9"," ,0,0801, ","   33.9","0,0815, ","-2.2","0,1115","-2.2","0,1115","-4.4","0,1203","-6.7","0,1215","-10.0","0,1218","-3.3","0,0410","-3.3","0,0410","-4.4","0,0322","-7.8","0,0319","-12.8","0,0209","    3115.2","2","    3115.2","0","    930.2"," ,0","","","      695"," ,0","     10.56","0","     14.82","0","      6.29","0","   142237","X","","","","","","","       180","X","       180","X","","","","","","","      33.9","X","      27.3","X"
"USW00014739","1986","42.36057","-71.00975","3.2","BOSTON LOGAN INTERNATIONAL AIRPORT, MA US","       5.5","X","    341.4","","     341.4","0","       122","0","        78","0","        11","0","        9","","         8","0","         0","0","       104","0","        20","0","       118","0","         4","0","       150"," ","        28"," ","        21"," ","  -17.2","0,0115, ","   102"," ,0,0202, ","    89"," ,0,0202, ","  75.7"," ,0,0606, ","   35.0","0,0707, ","-1.1","0,1105","-6.7","0,1113","-6.7","0,1113","-6.7","0,1113","-9.4","0,1214","-2.2","0,0325","-2.2","0,0325","-6.1","0,0322","-11.7","0,0321","-11.7","0,0321","    3148.0","0","    3148.0","0","   1126.5"," ,0","","","      527"," ,0","     10.47","0","     14.80","0","      6.13","0","   145632","X","","","","","","","","","","","","","","","","","","","",""
"USW00014739","1987","42.36057","-71.00975","3.2","BOSTON LOGAN INTERNATIONAL AIRPORT, MA US","       5.8","X","    334.1","","     334.1","0","       115","0","        67","0","        12","0","       46","","        12","0","         2","0","       103","0","        18","0","       112","0","         9","0","       149"," ","        26"," ","        10"," ","  -18.3","0,0215,+","   152"," ,0,1230,+","   157"," ,0,1229, ","  64.0"," ,0,0405, ","   35.6","0,0817, ","0.0","0,1106","-8.9","0,1121","-8.9","0,1121","-8.9","0,1121","-8.9","0,1121","0.0","0,0429","-3.3","0,0317","-4.4","0,0312","-10.0","0,0311","-10.0","0,0311","    3335.8","8","    3335.8","0","   1156.1"," ,0","","","     1323"," ,0","     10.25","0","     14.38","0","      6.11","0","   153537","X","        40","X","","","","","       180","X","","","      17.4","X","","","","","      23.6","X","",""
"USW00014739","1988","42.36057","-71.00975","3.2","BOSTON LOGAN INTERNATIONAL AIRPORT, MA US","       6.0","X","    487.6","","     487.6","0","       119","0","        65","0","         7","0","       39","","         7","0","         1","0","        94","0","        24","0","       115","0","        25","0","       145"," ","        21"," ","        24"," ","  -20.0","0,0114, ","   356"," ,0,0109, ","   229"," ,0,0108, ","  61.0"," ,0,0724, ","   37.2","0,0711, ","-0.6","0,1031","-2.2","0,1124","-6.7","0,1205","-6.7","0,1205","-16.1","0,1211","-3.9","0,0323","-3.9","0,0323","-8.9","0,0322","-8.9","0,0322","-8.9","0,0322","    3183.5","5","    3183.5","0","    884.0"," ,0","","","     1012"," ,0","     10.74","0","     15.14","0","      6.34","0","   156904","X","","","","","","","       270","X","","","","","","","","","      30.3","X","",""
"USW00014739","1989","42.36057","-71.00975","3.2","BOSTON LOGAN INTERNATIONAL AIRPORT, MA US","       5.9","X","    389.4","","     389.4","0","       134","0","        86","0","         9","0","       24","","         7","0","         0","0","       111","0","        44","0","       117","0","         7","0","       165"," ","        20"," ","        21"," ","  -15.6","0,1223,+","   127"," ,0,0227, ","   112"," ,0,1123, ","  54.1"," ,0,0813, ","   35.6","0,0726, ","0.0","0,1104","-5.6","0,1121","-5.6","0,1121","-7.8","0,1123","-9.4","0,1124","-0.6","0,0423","-2.8","0,0322","-7.2","0,0313","-7.2","0,0313","-10.6","0,0308","    3159.5","5","    3159.5","0","   1078.1"," ,0","","","      572"," ,0","     10.19","0","     14.50","0","      5.87","0","   144203","X","       310","X","","","","","       135","X","","","      17.0","X","","","","","      26.7","X","",""
"USW00014739","1990","42.36057","-71.00975","3.2","BOSTON LOGAN INTERNATIONAL AIRPORT, MA US","       6.0","X","    419.5","","     419.5","0","       130","0","        76","0","         9","0","       21","","         9","0","         0","0","        85","0","        13","0","       126","0","        10","0","       171"," ","        34"," ","        17"," ","  -16.1","0,0226, ","   254"," ,0,0226, ","   145"," ,0,0224, ","  84.8"," ,0,1014, ","   33.9","0,0720,+","0.0","0,1109","-2.2","0,1113","-4.4","0,1211","-7.8","0,1227","","","0.0","0,0414","-3.9","0,0328","-6.7","0,0327","-6.7","0,0327","-11.1","0,0307","    3249.4","4","    3249.4","0","   1181.6"," ,0","","","      755"," ,0","     11.77","0","     16.18","0","      7.36","0","   147801","X","       270","X","","","","","       225","X","","","      16.5","X","","","","","      24.7","X","",""
"USW00014739","1991","42.36057","-71.00975","3.2","BOSTON LOGAN INTERNATIONAL AIRPORT, MA US","       5.6","X","    516.3","","     516.3","0","       117","0","        75","0","         9","0","       18","","        10","0","         0","0","        79","0","        16","0","       133","0","        27","0","       142"," ","        16"," ","        14"," ","  -15.6","0,0122, ","   203"," ,0,0112, ","   109"," ,0,0111, ","  84.3"," ,0,0421, ","   37.2","0,0721,+","0.0","0,1109","-2.2","0,1127","-5.6","0,1204","-7.2","0,1205","-12.2","0,1217","-2.2","0,0331","-2.2","0,0331","-5.0","0,0311","-8.9","0,0224","-8.9","0,0224","    2674.8","8","    2674.8","0","   1074.1"," ,0","","","      602"," ,0","     11.89","0","     16.36","0","      7.42","0","   167530","X","        80","X","","","","","       270","X","","","      21.0","X","","","","","      29.3","X","",""
"USW00014739","1992","42.36057","-71.00975","3.2","BOSTON LOGAN INTERNATIONAL AIRPORT, MA US","       5.4","X","    320.0","","     320.0","0","       132","0","        79","0","         8","0","       12","","         7","0","         0","0","        96","0","        26","0","       111","0","         2","0","       146"," ","        24"," ","        15"," ","  -13.9","0,0210,+","   152"," ,0,0323, ","   234"," ,0,1212, "," 106.9"," ,0,1212, ","   33.3","0,0523, ","-1.1","0,1102","-2.8","0,1108","-5.0","0,1205","-7.8","0,1208","-8.9","0,1209","-0.6","0,0414","-2.8","0,0325","-4.4","0,0324","-6.7","0,0322","-10.0","0,0316","    3191.8","8","    3191.8","0","   1111.6"," ,0","","","      676"," ,0","     10.09","0","     14.29","0","      5.90","0","   155827","X","        50","X","","","","","        45","X","","","      22.8","X","","","","","      35.0","X","",""
"USW00014739","1993","42.36057","-71.00975","3.2","BOSTON LOGAN INTERNATIONAL AIRPORT, MA US","       5.4","X","    473.0","","     473.0","0","       134","0","        74","0","        11","0","       53","","        19","0","         0","0","        94","0","        29","0","       139","0","        20","0","       133"," ","        19"," ","        19"," ","  -16.7","0,0207, ","   229"," ,0,0315,+","   312"," ,0,0313, ","  70.1"," ,0,1205, ","   37.2","0,0710,+","-0.6","0,1113","-7.8","0,1125","-7.8","0,1125","-7.8","0,1125","-9.4","0,1224","0.0","0,0323","-6.7","0,0320","-6.7","0,0320","-6.7","0,0320","-10.6","0,0319","    3228.7","7","    3228.7","0","   1098.5"," ,0","","","     2166"," ,0","     10.88","0","     15.25","0","      6.52","0","   161995","X","        60","X","","","","","        45","X","","","      24.1","X","","","","","      36.0","X","",""
"USW00014739","1994","42.36057","-71.00975","3.2","BOSTON LOGAN INTERNATIONAL AIRPORT, MA US","       5.5","X","    505.5","","     505.5","0","       135","0","        81","0","        14","0","       70","","        22","0","         2","0","        96","0","        35","0","       128","0","        22","0","       139"," ","        23"," ","        13"," ","  -20.0","0,0116, ","   483"," ,0,0109,+","   315"," ,0,0209, ","  67.1"," ,0,0923, ","   36.1","0,0721, ","-4.4","0,1123","-4.4","0,1123","-4.4","0,1123","-7.8","0,1212","-9.4","0,1229","0.0","0,0321","-3.9","0,0318","-4.4","0,0312","-7.8","0,0302","-10.6","0,0228","    3280.7","7","    3280.7","0","   1210.7"," ,0","","","     2194"," ,0","     11.20","0","     15.79","0","      6.60","0","   156402","X","        40","X","","","","","        45","X","","","      21.5","X","","","","","      29.3","X","",""
"USW00014739","1995","42.36057","-71.00975","3.2","BOSTON LOGAN INTERNATIONAL AIRPORT, MA US","       5.8","X","    456.6","","     456.6","0","       127","0","        67","0","         8","0","       33","","        11","0","         0","0","       101","0","        26","0","       116","0","        17","0","       146"," ","        15"," ","        16"," ","  -17.2","0,0207, ","   330"," ,0,1221,+","   196"," ,0,1220, ","  70.4"," ,0,0917, ","   37.8","0,0714, ","-1.1","0,1109","-2.8","0,1110","-5.0","0,1130","-6.7","0,1210","","","-1.1","0,0410","-5.6","0,0406","-5.6","0,0406","-6.7","0,0405","-9.4","0,0227","    2955.9","9","    2955.9","0","    892.8"," ,0","","","     1058"," ,0","     10.80","0","     15.00","0","      6.60","0","   147502","X","       280","X","","","","","       180","X","","","      19.2","X","","","","","      28.3","X","",""
"USW00014739","1996","42.36057","-71.00975","3.2","BOSTON LOGAN INTERNATIONAL AIRPORT, MA US","       5.1","X","    338.3","","     338.3","0","       146","0","        86","0","        11","0","","","        20","0","         0","0","        88","0","        26","0","       113","0","         3","0","       187"," ","        24"," ","        12"," ","  -16.1","0,0106, ","","","   335"," ,0,0108, "," 155.2"," ,0,1020, ","   32.8","0,0521,+","-1.7","0,1113","-3.9","0,1114","-5.0","0,1115","-6.7","0,1128","-15.0","0,1231","0.0","0,0404","-3.3","0,0328","-4.4","0,0312","-7.2","0,0311","-9.4","0,0310","    3236.9","9","    3236.9","0","   1334.7"," ,0","","","     2189"," ,0","     10.48","0","     14.47","0","      6.50","0","","","","","","","","","","","","","","","","","","","","","",""
"USW00014739","1997","42.36057","-71.00975","3.2","BOSTON LOGAN INTERNATIONAL AIRPORT, MA US","       5.2","X","    403.0","","     403.0","0","       127","0","        64","0","         3","0","","","         8","0","         1","0","       108","0","        15","0","       109","0","        19","0","       155"," ","        12"," ","        16"," ","  -17.8","0,0119, ","","","   569"," ,0,0401, ","  37.6"," ,0,1101, ","   35.0","0,0717, ","0.0","0,1023","-2.2","0,1117","-5.6","0,1125","-6.7","0,1214","-10.6","0,1231","-0.6","0,0411","-3.3","0,0410","-5.0","0,0324","-6.7","0,0314","-9.4","0,0225","    3179.7","7","    3179.7","0","    772.9"," ,0","","","     1445"," ,0","     10.51","0","     14.67","0","      6.36","0","","","","","       110","X","       110","X","","","","","","","      21.5","X","      25.5","X","","","",""
"USW00014739","1998","42.36057","-71.00975","3.2","BOSTON LOGAN INTERNATIONAL AIRPORT, MA US","       5.0","X","    404.2","","     404.2","0","       120","0","        79","0","        17","0","","","         6","0","         0","0","        68","0","        14","0","       130","0","         8","0","       144"," ","        21"," ","        17"," ","  -13.9","0,0215,+","","","    89"," ,0,0322, "," 144.5"," ,0,0613, ","   33.9","0,0722, ","-0.6","0,1106","-2.8","0,1218","-5.6","0,1222","-8.3","0,1223","-11.1","0,1230","-0.6","0,0325","-2.2","0,0322","-12.2","0,0313","-12.2","0,0313","-12.2","0,0313","    2992.4","4","    2992.4","0","   1363.7"," ,0","","","      374"," ,0","     11.68","0","     15.69","0","      7.67","0","","","","","       230","X","       230","X","","","","","","","      21.0","X","      28.2","X","","","",""
"USW00014739","1999","42.36057","-71.00975","3.2","BOSTON LOGAN INTERNATIONAL AIRPORT, MA US","       5.1","X","    478.7","","     478.7","0","       111","0","        69","0","         7","0","       23","","        10","0","         0","0","        86","0","        19","0","       128","0","        16","0","       136"," ","        20"," ","        12"," ","  -16.7","0,0102, ","   203"," ,0,0115, ","   198"," ,0,0114, "," 119.6"," ,0,0910, ","   36.7","0,0717,+","0.0","0,1108","-2.8","0,1130","-5.0","0,1201","-8.9","0,1224","-8.9","0,1224","0.0","0,0405","-3.9","0,0312","-6.7","0,0310","-6.7","0,0310","-10.6","0,0308","    2937.4","4","    2937.4","0","    963.5"," ,0","","","      904"," ,0","     11.53","0","     15.86","0","      7.21","0","","","","","       300","X","       250","X","","","","","","","      20.1","X","      33.1","X","","","",""
"USW00014739","2000","42.36057","-71.00975","3.2","BOSTON LOGAN INTERNATIONAL AIRPORT, MA US","       5.2","X","    311.3","","     311.3","0","       129","0","        81","0","         9","0","       28","","         7","0","         1","0","        91","0","        35","0","       116","0","         4","0","       150"," ","        15"," ","        19"," ","  -17.8","0,0117, ","   203"," ,0,0220, ","   165"," ,0,0218, "," 101.6"," ,0,0606, ","   33.3","0,0617, ","-1.1","0,1120","-3.9","0,1123","-7.2","0,1124","-7.2","0,1124","-8.9","0,1208","0.0","0,0323","-3.9","0,0319","-8.9","0,0318","-8.9","0,0318","-8.9","0,0318","    2993.0","0","    2993.0","0","   1159.2"," ,0","","","      736"," ,0","     10.34","0","     14.46","0","      6.22","0","","","","","","","","","","","","","","","","","","","","","",""
"USW00014739","2001","42.36057","-71.00975","3.2","BOSTON LOGAN INTERNATIONAL AIRPORT, MA US","       4.8","X","    440.0","","     440.0","0","       108","0","        58","0","         5","0","       33","","        15","0","         0","0","        95","0","        17","0","       135","0","        16","0","       140"," ","        18"," ","        19"," ","  -12.2","0,0212, ","   305"," ,0,0310, ","   163"," ,0,0121, ","  65.8"," ,0,0322, ","   36.1","0,0809, ","-0.6","0,1112","-2.2","0,1216","-4.4","0,1228","","","","","0.0","0,0403","-3.9","0,0327","-5.6","0,0308","-8.3","0,0302","-11.1","0,0222","    3277.3","3","    3277.3","0","    781.0"," ,0","","","     1181"," ,0","     11.41","0","     15.56","0","      7.25","0","","","","","        50","X","        60","W","","","","","","","      20.1","X","      25.0","W","","","",""
"USW00014739","2002","42.36057","-71.00975","3.2","BOSTON LOGAN INTERNATIONAL AIRPORT, MA US","       5.1","X","    525.4","","     525.4","0","       131","0","        85","0","         7","0","       18","","         8","0","         0","0","        91","0","        11","0","       126","0","        27","0","       149"," ","        16"," ","        23"," ","  -11.1","0,1209, ","   127"," ,0,1226, ","    89"," ,0,1127, ","  50.5"," ,0,1214, ","   38.3","0,0814, ","0.0","0,1031","-2.2","0,1102","-5.6","0,1127","-7.2","0,1128","-8.9","0,1203","-2.2","0,0407","-2.2","0,0407","-4.4","0,0323","-7.2","0,0322","-10.6","0,0212","    2704.4","4","    2704.4","0","   1044.1"," ,0","","","      630"," ,0","     11.58","0","     15.83","0","      7.34","0","","","","","       280","X","       270","X","","","","","","","      18.3","X","      23.7","X","","","",""
"USW00014739","2003","42.36057","-71.00975","3.2","BOSTON LOGAN INTERNATIONAL AIRPORT, MA US","       4.9","X","    406.0","","     406.0","0","       139","0","        80","0","        13","0","","","        11","0","         2","0","       106","0","        39","0","       119","0","         6","0","       180"," ","        26"," ","        11"," ","  -17.8","0,0216,+","","","   599"," ,0,0217, ","  50.8"," ,0,1012, ","   33.9","0,0822,+","-2.2","0,1108","-2.2","0,1108","-8.3","0,1202","-8.3","0,1202","-8.9","0,1203","-0.6","0,0418","-2.2","0,0401","-8.9","0,0314","-8.9","0,0314","-8.9","0,0314","    3507.0","0","    3507.0","0","   1127.6"," ,0","","","     1976"," ,0","     10.10","0","     14.05","0","      6.14","0","","","","","        30","X","       260","X","","","","","","","      17.4","X","      22.8","X","","","",""
"USW00014739","2004","42.36057","-71.00975","3.2","BOSTON LOGAN INTERNATIONAL AIRPORT, MA US","       5.0","X","    336.4","","     336.4","0","       122","0","        76","0","         9","0","","","        10","0","         4","0","        98","0","        30","0","       119","0","         4","0","       143"," ","        19"," ","        11"," ","  -21.7","0,0116, ","","","   165"," ,0,0316, "," 109.0"," ,0,0401, ","   33.9","0,0609, ","-2.2","0,1109","-2.2","0,1109","-4.4","0,1114","-7.8","0,1215","-14.4","0,1220","-1.1","0,0406","-6.1","0,0323","-6.1","0,0323","-10.0","0,0217","-10.0","0,0217","    3175.7","7","    3175.7","0","   1132.8"," ,0","","","      737"," ,0","     10.43","0","     14.52","0","      6.34","0","","","","","       280","X","       270","X","","","","","","","      20.1","X","      25.0","X","","","",""
"USW00014739","2005","42.36057","-71.00975","3.2","BOSTON LOGAN INTERNATIONAL AIRPORT, MA US","       4.9","X","    480.9","","     480.9","0","       135","0","        87","0","         7","0","","","        19","0","         1","0","       106","0","        29","0","       120","0","        14","0","       171"," ","        27"," ","        23"," ","  -18.9","0,0122, ","","","   340"," ,0,0123, ","  73.4"," ,0,1015, ","   36.1","0,0805, ","-0.6","0,1112","-2.2","0,1119","-6.1","0,1125","-6.7","0,1207","-10.6","0,1213","-1.7","0,0327","-2.8","0,0326","-6.1","0,0311","-9.4","0,0310","-9.4","0,0310","    3308.1","1","    3308.1","0","   1109.6"," ,0","","","     2220"," ,0","     10.55","0","     14.55","0","      6.54","0","","","","","        50","X","        60","X","","","","","","","      19.7","X","      24.6","X","","","",""
"USW00014739","2006","42.36057","-71.00975","3.2","BOSTON LOGAN INTERNATIONAL AIRPORT, MA US","       5.0","W","    434.4","","     434.4","0","       129","0","        92","0","        10","0","","","         6","0","         0","0","        71","0","        13","0","       117","0","        11","0","       148"," ","        28"," ","        16"," ","  -13.9","0,0227, ","","","   445"," ,0,0212, ","  97.5"," ,0,0513, ","   36.7","0,0802, ","0.0","0,1121","-2.2","0,1205","-6.7","0,1208","-6.7","0,1208","","","-0.6","0,0322","-5.0","0,0321","-5.0","0,0321","-6.7","0,0304","-8.9","0,0228","    2997.0","0","    2997.0","0","   1343.6"," ,0","","","      736"," ,0","     11.73","0","     15.81","0","      7.66","0","","","","","       180","X","       180","X","","","","","","","      21.9","X","      27.3","X","","","",""
"USW00014739","2007","42.36057","-71.00975","3.2","BOSTON LOGAN INTERNATIONAL AIRPORT, MA US","       4.8","W","    489.8","","     489.8","0","       123","0","        66","0","        11","0","","","         9","0","         0","0","       100","0","        30","0","       130","0","        18","0","       147"," ","        26"," ","        13"," ","  -16.1","0,0126, ","","","   257"," ,0,1213, ","  58.9"," ,0,0728, ","   35.6","0,0825,+","0.0","0,1109","-2.2","0,1111","-5.6","0,1124","-7.8","0,1201","","","-1.7","0,0408","-2.2","0,0406","-6.7","0,0321","-6.7","0,0321","-15.0","0,0309","    3003.7","7","    3003.7","0","   1002.9"," ,0","","","     1099"," ,0","     10.89","0","     15.15","0","      6.63","0","","","","","       160","X","       150","X","","","","","","","      19.2","X","      53.6","X","","","",""
"USW00014739","2008","42.36057","-71.00975","3.2","BOSTON LOGAN INTERNATIONAL AIRPORT, MA US","       4.7","W","    424.1","","     424.1","0","       133","0","        92","0","        13","0","","","        12","0","         0","0","        97","0","        21","0","       120","0","         8","0","       157"," ","        24"," ","        29"," ","  -13.9","0,0103, ","","","   226"," ,0,0222, ","  67.6"," ,0,0213, ","   35.0","0,0719,+","0.0","0,1103","-2.8","0,1118","-5.0","0,1119","-10.0","0,1208","-10.0","0,1208","-1.7","0,0331","-3.3","0,0330","-11.7","0,0229","-11.7","0,0229","-11.7","0,0229","    3019.0","0","    3019.0","0","   1384.6"," ,0","","","     1260"," ,0","     11.12","0","     15.18","0","      7.06","0","","","","","       200","X","       270","X","","","","","","","      17.9","X","      25.0","X","","","",""
"USW00014739","2009","42.36057","-71.00975","3.2","BOSTON LOGAN INTERNATIONAL AIRPORT, MA US","       4.8","W","    318.0","","     318.0","0","       131","0","        80","0","        11","0","","","        12","0","         0","0","        96","0","        32","0","       103","0","         6","0","       155"," ","        25"," ","        11"," ","  -14.4","0,0116,+","","","   254"," ,0,1220, ","  53.6"," ,0,0912, ","   35.0","0,0818, ","-0.6","0,1206","-2.2","0,1207","-4.4","0,1211","-11.7","0,1217","-11.7","0,1217","-0.6","0,0326","-5.0","0,0324","-5.0","0,0324","-10.0","0,0304","-10.0","0,0304","    3183.8","8","    3183.8","0","   1105.5"," ,0","","","     1423"," ,0","     10.45","0","     14.39","0","      6.52","0","","","","","       100","X","       300","X","","","","","","","      17.4","X","      22.8","X","","","",""
"USW00014739","2010","42.36057","-71.00975","3.2","BOSTON LOGAN INTERNATIONAL AIRPORT, MA US","       5.1","W","    583.4","","     583.4","0","       112","0","        67","0","        14","0","","","         8","0","         0","0","        88","0","        17","0","       141","0","        25","0","       126"," ","        19"," ","        16"," ","  -14.4","0,0130, ","","","   251"," ,0,1226, ","  86.4"," ,0,0314, ","   37.8","0,0706, ","0.0","0,1103","-2.2","0,1128","-7.2","0,1209","-7.2","0,1209","-10.0","0,1210","-1.7","0,0328","-3.9","0,0327","-5.0","0,0213","-10.0","0,0207","-10.0","0,0207","    2863.1","1","    2863.1","0","   1261.7"," ,0","","","     1077"," ,0","     12.09","0","     16.19","0","      7.98","0","","","","","       260","X","       250","X","","","","","","","      21.0","X","      30.4","X","","","",""
"USW00014739","2011","42.36057","-71.00975","3.2","BOSTON LOGAN INTERNATIONAL AIRPORT, MA US","       4.7","W","    540.4","","     540.4","X","       137","X","        84","X","        14","X","","","        12","X","         1","X","        89","X","        22","X","       124","X","        13","X","       144"," ","        28"," ","        18"," ","  -18.9","X,0124, ","","","   371"," ,X,0112, ","  46.2"," ,X,0622, ","   39.4","X,0722, ","-0.6","X,1124","-2.2","X,1211","-6.7","X,1218","-6.7","X,1218","","","0.0","X,0329","-2.2","X,0328","-7.2","X,0304","-7.2","X,0304","-11.1","X,0303","    3130.2","2","    3130.2","X","   1274.0"," ,X","","","     1524"," ,X","     11.83","X","     15.91","X","      7.75","X","","","","","       170","X","       600","X","","","","","","","      20.6","X","      35.8","X","","","",""
"USW00014739","2012","42.36057","-71.00975","3.2","BOSTON LOGAN INTERNATIONAL AIRPORT, MA US","       4.5","X","    489.2","","     489.2","X","       122","X","        63","X","         8","X","","","         4","X","         0","X","        74","X","         8","X","       131","X","        12","X","        94"," ","        16"," ","        12"," ","  -14.4","X,0115, ","","","    74"," ,X,0121, ","  44.2"," ,X,0718, ","   36.1","X,0717,+","-0.6","X,1106","-2.2","X,1201","-5.0","X,1226","","","","","-2.8","X,0327","-2.8","X,0327","-6.7","X,0306","-6.7","X,0306","-8.9","X,0212","    2488.5","5","    2488.5","X","    933.5"," ,X","","","      310"," ,X","     12.31","X","     16.36","X","      8.27","X","","","","","        90","X","        50","X","","","","","","","      20.6","X","      27.7","X","","","",""
"USW00014739","2013","42.36057","-71.00975","3.2","BOSTON LOGAN INTERNATIONAL AIRPORT, MA US","       4.7","W","    498.6","","     498.6","W","       129","W","        67","W","        11","W","","","        12","W","         0","W","       106","W","        28","W","       127","W","        18","W","        76"," ","         6"," ","         2"," ","  -15.6","W,0124, ","","","   376"," ,W,0209, ","  78.0"," ,W,0607, ","   37.2","W,0719, ","-0.5","W,1104","-3.2","W,1113","-6.0","W,1124","-7.7","W,1125","-11.6","W,1214","0.0","W,0407","-3.3","X,0320","-6.1","X,0318","-8.9","X,0218","-8.9","X,0218","    3015.3","3","    3015.3","W","   1026.9"," ,W","","","     1814"," ,W","     11.13","W","     15.30","W","      6.95","W","","","","","       180","W","       180","W","","","","","","","      21.5","W","      26.8","W","","","",""
"USW00014739","2014","42.36057","-71.00975","3.2","BOSTON LOGAN INTERNATIONAL AIRPORT, MA US","       4.8","W","    409.6","","     409.6","W","       127","W","        80","W","        11","W","","","        11","W","         0","W","       100","W","        35","W","       121","W","         8","W","        84"," ","         2"," ","         5"," ","  -16.6","W,0104,+","","","   272"," ,W,0205, ","  73.7"," ,W,1209, ","   33.9","W,0902, ","-1.0","W,1115","-2.7","W,1118","-4.9","W,1129","-7.7","W,1208","","","-0.5","W,0418","-6.0","W,0327","-6.0","W,0327","-8.2","W,0324","-11.6","W,0306","    3284.2","2","    3284.2","W","   1150.3"," ,W","","","     1275"," ,W","     10.63","W","     14.75","W","      6.51","W","","","","","       190","W","       180","W","","","","","","","      20.1","W","      25.9","W","","","",""
"USW00014739","2015","42.36057","-71.00975","3.2","BOSTON LOGAN INTERNATIONAL AIRPORT, MA US","       4.7","W","    496.1","","     496.1","W","       123","W","        67","W","         5","W","","","        18","W","         3","W","        99","W","        39","W","       129","W","        14","W","       131"," ","        26"," ","         9"," ","  -19.3","W,0216, ","","","   561"," ,W,0127, ","  62.5"," ,W,0930, ","   35.6","W,0908, ","-0.5","W,1019","-4.3","W,1229","","","","","","","0.0","W,0405","-3.2","W,0329","-6.6","W,0324","-7.7","W,0323","-12.7","W,0306","    3380.9","9","    3380.9","W","    884.3"," ,W","","","     2758"," ,W","     10.89","W","     15.26","W","      6.51","W","","","","","       250","W","       300","W","","","","","","","      17.0","W","      23.3","W","","","",""
"USW00014739","2016","42.36057","-71.00975","3.2","BOSTON LOGAN INTERNATIONAL AIRPORT, MA US","       5.0","W","    558.3","","     558.3","W","       117","W","        67","W","         8","W","","","        10","W","         2","W","        81","W","        16","W","       132","W","        22","W","       120"," ","        13"," ","        17"," ","  -22.7","W,0214, ","","","   173"," ,W,0205, ","  46.7"," ,W,1009, ","   36.7","W,0812,+","0.0","W,1120","-3.8","W,1209","-6.0","W,1210","-9.9","W,1215","-9.9","W,1215","-0.5","W,0410","-3.8","W,0406","-5.5","W,0405","-15.5","W,0215","-15.5","W,0215","    2700.5","5","    2700.5","W","    840.4"," ,W","","","     1046"," ,W","     11.89","W","     16.16","W","      7.63","W","","","","","       220","W","       280","W","","","","","","","      17.9","W","      25.0","W","","","",""
"USW00014739","2017","42.36057","-71.00975","3.2","BOSTON LOGAN INTERNATIONAL AIRPORT, MA US","       5.1","W","    473.0","","     473.0","W","       138","W","        76","W","        11","W","","","        13","W","         0","W","        90","W","        22","W","       132","W","        12","W","       133"," ","        24"," ","        18"," ","  -16.6","W,1229, ","","","   277"," ,W,0209, ","  54.1"," ,W,0616, ","   35.0","W,0613,+","-4.3","W,1110","-4.3","W,1110","-4.9","W,1111","-7.1","W,1214","-11.0","W,1227","-1.0","W,0326","-2.7","W,0324","-7.7","W,0323","-7.7","W,0323","-9.9","W,0313","    2949.1","1","    2949.1","W","   1104.6"," ,W","","","     1294"," ,W","     11.43","W","     15.49","W","      7.36","W","","","","","       120","W","       220","W","","","","","","","      20.6","W","      29.5","W","","","",""
"USW00014739","2018","42.36057","-71.00975","3.2","BOSTON LOGAN INTERNATIONAL AIRPORT, MA US","       5.0","W","    614.6","","     614.6","W","       143","W","        90","W","        16","W","","","        10","W","         1","W","        95","W","        18","W","       134","W","        23","W","       140"," ","        24"," ","        21"," ","  -18.8","W,0107, ","","","   368"," ,W,0313, ","  68.1"," ,W,0717, ","   36.7","W,0829,+","-3.8","W,1114","-3.8","W,1114","-4.9","W,1115","-9.9","W,1122","-9.9","W,1122","-1.0","W,0411","-4.3","W,0320","-6.0","W,0319","-8.8","W,0318","-12.1","W,0203","    3027.2","2","    3027.2","W","   1354.9"," ,W","","","     1295"," ,W","     11.69","W","     15.75","W","      7.62","W","","","","","        30","W","        30","W","","","","","","","      23.7","W","      31.3","W","","","",""
"USW00014739","2019","42.36057","-71.00975","3.2","BOSTON LOGAN INTERNATIONAL AIRPORT, MA US","       5.0","W","    544.5","","     544.5","W","       155","W","        99","W","        14","W","","","        13","W","         0","W","        93","W","        18","W","       140","W","        15","W","       141"," ","        21"," ","        23"," ","  -14.9","W,0131,+","","","   251"," ,W,0304, ","  58.4"," ,W,0422, ","   36.7","W,0721, ","-1.0","W,1108","-3.2","W,1112","-6.0","W,1113","-9.3","W,1219","-9.3","W,1219","-1.0","W,0402","-3.2","W,0309","-7.7","W,0308","-7.7","W,0308","-9.3","W,0307","    2950.1","1","    2950.1","W","   1281.1"," ,W","","","      983"," ,W","     11.83","W","     15.93","W","      7.73","W","","","","","        90","W","       210","W","","","","","","","      24.6","W","      33.1","W","","","",""
"USW00014739","2020","42.36057","-71.00975","3.2","BOSTON LOGAN INTERNATIONAL AIRPORT, MA US","       4.9","W","    497.8","","     497.8","W","       117","W","        70","W","         9","W","","","         3","W","         0","W","        71","W","         9","W","       134","W","        14","W","       123"," ","        14"," ","        21"," ","  -11.0","W,0215, ","","","   312"," ,W,1217, ","  46.0"," ,W,1123, ","   35.0","W,0728,+","-1.0","W,1030","-4.9","W,1118","-4.9","W,1118","-8.8","W,1216","","","0.0","W,0418","-3.8","W,0322","-4.9","W,0302","-7.1","W,0301","-11.0","W,0215","    2823.9","9","    2823.9","W","    954.4"," ,W","","","      549"," ,W","     11.94","W","     16.15","W","      7.73","W","","","","","       190","W","       270","W","","","","","","","      21.0","W","      29.5","W","","","",""
"USW00014739","2021","42.36057","-71.00975","3.2","BOSTON LOGAN INTERNATIONAL AIRPORT, MA US","       4.7","W","    619.9","","     619.9","W","       134","W","        87","W","        17","W","","","         6","W","         0","W","        87","W","        19","W","       149","W","        24","W","       136"," ","        13"," ","        29"," ","  -13.8","W,0131,+","","","   135"," ,W,0207, ","  64.5"," ,W,0902, ","   37.8","W,0630, ","-2.1","W,1123","-2.7","W,1124","-4.9","W,1219","","","","","-1.0","W,0403","-6.6","W,0316","-6.6","W,0316","-8.2","W,0315","-10.5","W,0302","    2846.8","8","    2846.8","W","   1330.1"," ,W","","","      553"," ,W","     12.47","W","     16.49","W","      8.45","W","","","","","        20","W","       300","W","","","","","","","      21.0","W","      27.3","W","","","",""
"USW00014739","2022","42.36057","-71.00975","3.2","BOSTON LOGAN INTERNATIONAL AIRPORT, MA US","       5.0","W","    558.7","","     558.7","W","       122","W","        72","W","         4","W","","","         6","W","         0","W","        90","W","        21","W","       137","W","        21","W","       117"," ","        21"," ","        18"," ","  -15.5","W,0115, ","","","   599"," ,W,0129, ","  47.5"," ,W,0204, ","   37.8","W,0724, ","0.0","W,1118","-3.8","W,1121","-4.9","W,1214","-7.1","W,1223","-11.6","W,1224","-1.6","W,0330","-7.1","W,0329","-7.1","W,0329","-7.1","W,0329","-10.5","W,0226","    2809.6","6","    2809.6","W","    794.9"," ,W","","","     1388"," ,W","     11.99","W","     16.41","W","      7.58","W","","","","","       230","W","       200","W","","","","","","","      20.1","W","      26.4","W","","","",""
"USW00014739","2023","42.36057","-71.00975","3.2","BOSTON LOGAN INTERNATIONAL AIRPORT, MA US","","","","","","","","","","","","","","","","","","","","","","","","","","","        36"," ","         1"," ","","","","","","","","","","","","","","","","","","","","","","","","","","","","","","","","","","","","","","","","","","","","","","","","","","","","","","","","","","","","","","","","","","","","","",""
